1550385560,25.50,14.90,1,-29607
1550385560,27.30,15.30,300,-29619
1550385620,27.80,15.30,305,-29626
1550385680,27.80,15.10,310,-29621
1550385740,27.70,15.10,305,-29621
1550385800,27.80,15.20,308,-29624
1550385860,27.80,15.30,300,-29615
1550385920,27.80,15.10,299,-29621
1550402284,27.80,15.00,308,-29621
1550402344,27.80,15.00,298,-29611
1550402404,27.70,14.80,298,-29610
1550402464,27.70,14.90,300,-29613
1550402524,27.70,14.80,304,-29619
1550402644,27.60,14.90,303,-29604
1550385560,23.30,18.00,0,-29716
1550385620,23.30,18.60,0,-29711
1550385680,23.30,18.60,0,-29711
1550385560,23.50,17.90,0,-29705
1550385620,23.50,18.10,0,-29703
1550385680,23.60,17.90,0,-29696
1550385740,23.60,17.70,0,-29684
1550385800,23.70,17.70,0,-29687
1550385860,23.90,17.60,0,-29679
1550385920,24.10,17.50,0,-29687
1550385980,24.30,17.30,0,-29694
1550386040,24.50,17.40,0,-29704
1550386100,24.70,17.10,0,-29683
1550386161,24.90,16.90,0,-29698
1550386221,25.10,16.70,0,-29696
1550386281,25.30,16.50,0,-29692
1550386341,25.50,16.30,0,-29696
1550386401,25.60,16.20,0,-29689
1550386461,25.70,16.10,0,-29717
1550386521,25.80,16.00,0,-29712
1550386581,25.90,15.90,0,-29715
1550386641,25.90,15.90,0,-29722
1550386702,25.90,15.90,0,-29732
1550386762,25.90,15.80,0,-29723
1550386822,26.10,16.10,0,-29728
1550386882,26.20,15.90,0,-29730
1550386942,26.30,15.80,0,-29744
1550387002,26.30,15.80,0,-29746
1550387062,26.40,15.60,0,-29749
1550387122,26.40,15.40,0,-29750
1550387182,26.50,15.50,0,-29746
1550387242,26.60,15.40,0,-29745
1550387303,26.70,15.30,0,-29739
1550387363,26.80,15.20,0,-29736
1550387423,26.90,15.10,0,-29740
1550387483,27.00,15.50,0,-29738
1550387543,27.00,15.40,0,-29735
1550387603,27.10,15.30,0,-29728
1550387663,27.20,15.20,0,-29721
1550387723,27.20,15.20,0,-29719
1550387783,27.20,15.10,0,-29723
1550387844,27.30,15.00,0,-29721
1550387904,27.30,14.90,0,-29721
1550387964,27.30,14.90,0,-29712
1550388024,27.40,14.80,0,-29727
1550388084,27.40,14.80,0,-29722
1550388144,27.40,14.70,0,-29724
1550388204,27.50,14.60,0,-29717
1550388264,27.50,14.60,0,-29713
1550388324,27.60,14.60,0,-29713
1550388384,27.70,14.50,0,-29715
1550388445,27.70,14.50,0,-29715
1550388505,27.80,14.40,0,-29717
1550388565,27.80,14.30,0,-29716
1550388625,27.80,14.30,0,-29722
1550388685,27.80,14.30,0,-29729
1550388745,27.90,14.20,0,-29737
1550388805,27.90,14.20,0,-29746
1550388865,27.90,14.20,0,-29755
1550388925,28.00,14.50,0,-29756
1550388986,28.00,14.50,0,-29759
1550389046,28.00,14.50,0,-29761
1550389106,28.10,14.40,0,-29751
1550389166,28.00,14.40,0,-29758
1550389226,28.10,14.40,0,-29746
1550389286,28.10,14.40,0,-29746
1550389346,28.10,14.40,0,-29741
1550389406,28.10,14.40,0,-29747
1550389466,28.10,14.40,0,-29754
1550389526,28.10,14.40,0,-29745
1550389587,28.20,14.40,0,-29752
1550389647,28.30,14.50,0,-29749
1550389707,28.20,14.40,0,-29756
1550389767,28.30,14.30,0,-29754
1550389827,28.30,14.30,0,-29758
1550389887,28.30,14.60,0,-29751
1550389947,28.30,14.50,0,-29759
1550390007,28.40,14.40,0,-29763
1550390067,28.40,14.30,0,-29765
1550390128,28.50,14.20,0,-29761
1550390188,28.60,14.20,0,-29764
1550390248,28.60,14.10,0,-29777
1550390308,28.70,14.00,0,-29782
1550390368,28.70,14.10,0,-29794
1550390428,28.70,14.10,0,-29804
1550390488,28.60,14.10,0,-29806
1550390548,28.70,14.00,0,-29813
1550390608,28.70,14.00,0,-29819
1550390668,28.70,14.00,0,-29821
1550390729,28.80,13.90,0,-29817
1550390789,28.80,13.90,0,-29818
1550390849,28.90,13.90,0,-29813
1550390909,28.90,13.90,0,-29817
1550390969,28.90,13.70,0,-29808
1550391029,28.90,13.80,0,-29798
1550391089,28.90,13.80,0,-29791
1550391149,28.90,13.90,0,-29792
1550391209,28.90,13.90,0,-29791
1550391270,28.90,13.80,0,-29793
1550391330,28.90,13.70,0,-29803
1550391390,29.00,14.00,0,-29804
1550391450,29.00,14.00,0,-29810
1550391510,29.00,14.10,0,-29805
1550391570,29.00,14.00,0,-29818
1550391630,28.90,13.70,0,-29806
1550391690,28.90,13.60,0,-29808
1550391750,28.80,13.70,0,-29810
1550391810,28.80,13.70,0,-29811
1550391871,28.80,13.80,0,-29808
1550391931,28.70,13.80,0,-29796
1550391991,28.60,13.80,0,-29796
1550392051,28.60,13.80,0,-29799
1550392111,28.60,13.70,0,-29808
1550392171,28.60,13.80,0,-29813
1550392231,28.60,13.80,0,-29821
1550392291,28.60,13.90,0,-29813
1550392351,28.50,13.90,0,-29819
1550392412,28.50,13.80,0,-29822
1550392472,28.50,13.90,0,-29817
1550392532,28.50,13.80,0,-29823
1550392592,28.40,13.80,0,-29819
1550392652,28.40,13.80,0,-29813
1550392712,28.30,13.90,0,-29809
1550392772,28.30,13.90,0,-29809
1550392832,28.20,14.00,0,-29795
1550392892,28.20,14.10,0,-29795
1550392953,28.20,14.10,0,-29808
1550393013,28.10,14.10,0,-29802
1550393073,28.10,14.20,0,-29808
1550393133,28.00,14.20,0,-29810
1550393193,27.90,13.90,0,-29811
1550393253,27.80,13.80,0,-29799
1550393313,27.80,13.90,0,-29796
1550393373,27.80,13.90,0,-29797
1550393433,27.70,13.90,0,-29782
1550393493,27.80,14.00,0,-29783
1550393554,27.70,14.00,0,-29784
1550393614,27.70,14.00,0,-29777
1550393674,27.70,14.00,0,-29774
1550393734,27.60,14.10,0,-29769
1550393794,27.70,14.10,0,-29771
1550393854,27.60,14.10,0,-29779
1550393914,27.60,14.00,0,-29780
1550393974,27.60,14.10,0,-29787
1550394034,27.60,14.10,0,-29795
1550394095,27.60,14.00,0,-29799
1550394155,27.50,14.10,0,-29810
1550394215,27.40,14.10,0,-29820
1550394275,27.30,14.20,0,-29821
1550394335,27.40,14.20,0,-29827
1550394395,27.20,14.20,0,-29824
1550394455,27.20,14.30,0,-29819
1550394515,27.20,14.40,0,-29824
1550394575,27.10,14.40,0,-29820
1550394635,27.10,14.40,0,-29811
1550394696,27.00,14.40,0,-29795
1550394756,27.00,14.50,0,-29776
1550394816,27.00,14.50,0,-29785
1550394876,27.00,14.50,0,-29786
1550394936,26.90,14.20,0,-29795
1550394996,26.90,14.20,0,-29793
1550395056,26.90,14.20,0,-29792
1550395116,26.90,14.20,0,-29805
1550395176,26.80,14.30,0,-29803
1550395237,26.80,14.20,0,-29800
1550395297,26.70,14.30,0,-29802
1550395357,26.70,14.30,0,-29794
1550395417,26.80,14.20,0,-29795
1550395477,26.70,14.30,0,-29807
1550395537,26.60,14.40,0,-29810
1550395597,26.60,14.30,0,-29813
1550395657,26.60,14.40,0,-29826
1550395717,26.60,14.40,0,-29823
1550395777,26.60,14.40,0,-29813
1550395838,26.50,14.50,0,-29805
1550395898,26.40,14.50,0,-29804
1550395958,26.40,14.50,0,-29806
1550396018,26.50,14.50,0,-29814
1550396078,26.40,14.50,0,-29821
1550396138,26.40,14.50,0,-29822
1550396198,26.40,14.60,0,-29815
1550396258,26.30,14.60,0,-29806
1550396318,26.30,14.60,0,-29800
1550396379,26.30,14.60,0,-29792
1550396439,26.30,14.60,0,-29803
1550396499,26.30,14.60,0,-29817
1550396559,26.30,14.60,0,-29818
1550396619,26.20,14.60,0,-29830
1550396679,26.20,14.60,0,-29840
1550396739,26.10,14.60,0,-29848
1550396799,26.10,14.70,0,-29846
1550396859,26.10,14.60,0,-29843
1550396919,26.10,14.60,0,-29857
1550396980,26.10,14.60,0,-29864
1550397040,26.10,14.60,0,-29858
1550397100,26.00,14.70,0,-29856
1550397160,26.00,14.70,0,-29854
1550397220,26.00,14.80,0,-29828
1550397280,26.00,14.80,0,-29854
1550397340,26.00,14.80,0,-29854
1550397400,26.00,14.80,0,-29862
1550397460,26.10,14.70,0,-29859
1550397521,26.10,14.70,0,-29855
1550397581,26.10,14.80,0,-29856
1550397641,26.10,14.70,0,-29860
1550397701,26.10,14.70,0,-29865
1550397761,26.20,14.70,0,-29869
1550397821,26.20,14.70,0,-29866
1550397881,26.20,14.70,0,-29860
1550397941,26.20,14.70,0,-29862
1550398001,26.30,14.60,0,-29861
1550398061,26.30,14.60,0,-29865
1550398122,26.40,14.60,0,-29878
1550398182,26.40,14.50,0,-29880
1550398242,26.40,14.50,0,-29871
1550398302,26.60,14.50,0,-29882
1550398362,26.60,14.40,0,-29894
1550398422,26.70,14.40,0,-29895
1550398482,26.80,14.30,0,-29898
1550398542,26.80,14.20,0,-29900
1550398602,26.80,14.20,0,-29900
1550398663,26.90,14.20,0,-29912
1550398723,26.90,14.20,0,-29908
1550398783,27.00,14.50,0,-29913
1550398843,27.00,14.40,0,-29917
1550398903,27.00,14.50,0,-29927
1550398963,27.00,14.50,0,-29933
1550399023,27.10,14.50,0,-29932
1550399083,27.10,14.50,0,-29919
1550399143,27.20,14.40,0,-29914
1550399204,27.40,14.40,0,-29919
1550399264,27.40,14.40,0,-29914
1550399324,27.40,14.30,0,-29925
1550399384,27.40,14.30,0,-29927
1550399444,27.40,14.30,0,-29926
1550399504,27.50,14.30,0,-29931
1550399564,27.60,14.20,0,-29943
1550399624,27.70,14.20,0,-29943
1550399684,27.80,14.10,0,-29949
1550399744,27.80,14.10,0,-29943
1550399805,27.80,14.10,0,-29943
1550399865,27.80,14.10,0,-29941
1550399925,27.80,14.00,0,-29933
1550399985,27.80,14.00,0,-29929
1550400045,27.90,13.90,0,-29932
1550400105,27.90,13.90,0,-29920
1550400165,28.00,14.30,0,-29909
1550400225,28.00,14.20,0,-29908
1550400285,28.10,14.20,0,-29912
1550400346,28.10,14.20,0,-29910
1550400406,28.10,14.10,0,-29919
1550400466,28.10,14.10,0,-29922
1550400526,28.20,14.10,0,-29932
1550400586,28.20,14.10,0,-29934
1550400646,28.20,14.10,0,-29931
1550400706,28.20,14.10,0,-29927
1550400766,28.20,14.10,0,-29925
1550400826,28.30,14.00,0,-29937
1550400886,28.30,14.00,0,-29932
1550400947,28.30,14.00,0,-29929
1550401007,28.40,14.00,0,-29920
1550401067,28.40,14.00,0,-29918
1550401127,28.40,13.90,0,-29908
1550401187,28.40,13.90,0,-29913
1550401247,28.40,13.90,0,-29908
1550401307,28.50,13.90,0,-29917
1550401367,28.50,13.90,0,-29920
1550401427,28.50,13.80,0,-29920
1550401488,28.60,13.80,0,-29917
1550401548,28.60,13.70,0,-29924
1550401608,28.60,13.80,0,-29922
1550401668,28.60,13.70,0,-29922
1550401728,28.70,13.70,0,-29931
1550401788,28.70,13.70,0,-29922
1550401848,28.70,13.70,0,-29924
1550401908,28.70,13.90,0,-29918
1550401968,28.70,13.80,0,-29916
1550402028,28.70,13.90,1,-29918
1550402089,28.70,13.80,0,-29916
1550402149,28.80,13.80,0,-29909
1550402209,28.80,13.80,1,-29910
1550402269,28.90,13.70,1,-29908
1550402329,29.00,14.00,1,-29906
1550402389,29.00,14.00,1,-29913
1550402449,29.00,13.90,1,-29916
1550402509,29.00,13.90,2,-29923
1550402569,29.00,14.00,2,-29917
1550402630,29.10,14.00,2,-29919
1550402690,29.00,14.00,3,-29917
1550402750,29.10,13.80,3,-29922
1550402810,29.10,13.90,3,-29917
1550402870,29.00,13.90,3,-29917
1550402930,29.00,14.00,3,-29914
1550402990,29.00,14.00,4,-29910
1550403050,29.00,14.10,4,-29886
1550403110,28.90,13.60,4,-29901
1550403170,29.00,14.10,5,-29900
1550403231,28.90,13.80,7,-29888
1550403291,28.90,13.80,7,-29904
1550403351,28.90,13.80,7,-29897
1550403411,28.80,13.80,9,-29899
1550403471,28.80,13.80,12,-29891
1550403531,28.80,13.80,13,-29891
1550403591,28.80,13.80,13,-29892
1550403651,28.80,13.90,15,-29889
1550403711,28.70,13.90,17,-29898
1550403772,28.60,14.00,20,-29895
1550403832,28.60,14.00,22,-29900
1550403892,28.50,14.00,23,-29890
1550403952,28.50,14.10,22,-29895
1550404012,28.50,14.10,23,-29896
1550404072,28.40,14.20,23,-29888
1550404132,28.40,14.20,23,-29903
1550404192,28.40,14.20,28,-29903
1550404252,28.40,14.30,29,-29889
1550404312,28.30,14.30,29,-29886
1550404373,28.30,14.30,31,-29891
1550404433,28.20,14.30,33,-29896
1550404493,28.10,14.40,35,-29894
1550404553,28.10,14.40,36,-29888
1550404613,28.00,14.40,35,-29888
1550404673,28.00,14.60,32,-29886
1550404733,27.90,14.30,32,-29892
1550404793,27.80,14.30,34,-29884
1550404853,27.70,14.30,35,-29900
1550404914,27.80,14.40,35,-29894
1550404974,27.70,14.50,36,-29896
1550405034,27.70,14.50,36,-29900
1550405094,27.60,14.50,35,-29897
1550405154,27.50,14.70,34,-29904
1550405214,27.50,14.70,31,-29911
1550405274,27.40,14.70,26,-29912
1550405334,27.30,14.80,24,-29906
1550405394,27.30,14.80,21,-29919
1550405454,27.30,14.80,19,-29915
1550405515,27.20,14.80,18,-29918
1550405575,27.20,14.80,17,-29927
1550405635,27.20,14.80,16,-29927
1550405695,27.20,14.90,15,-29930
1550405755,27.10,14.90,13,-29938
1550405815,27.10,15.00,12,-29936
1550405875,27.00,15.00,14,-29936
1550405935,27.00,15.00,13,-29937
1550405995,26.90,14.70,15,-29926
1550406056,26.90,14.70,16,-29932
1550406116,26.90,14.70,15,-29929
1550406176,26.80,14.80,16,-29937
1550406236,26.80,14.90,19,-29937
1550406296,26.70,14.90,21,-29930
1550406356,26.60,15.00,20,-29925
1550406416,26.70,15.00,22,-29925
1550406476,26.60,15.00,26,-29912
1550406536,26.60,15.00,29,-29913
1550406596,26.50,15.10,30,-29917
1550406657,26.50,15.00,31,-29913
1550406717,26.50,15.00,40,-29903
1550406777,26.40,15.10,48,-29899
1550406837,26.40,15.10,50,-29904
1550406897,26.40,15.10,54,-29909
1550406957,26.40,15.20,56,-29903
1550407017,26.40,15.10,53,-29885
1550407077,26.40,15.20,53,-29903
1550407137,26.30,15.20,47,-29910
1550407198,26.20,15.30,45,-29913
1550407258,26.20,15.30,48,-29916
1550407318,26.20,15.30,47,-29920
1550407378,26.20,15.30,48,-29907
1550407438,26.20,15.30,47,-29918
1550407498,26.20,15.40,47,-29911
1550407558,26.20,15.40,48,-29916
1550407618,26.10,15.40,47,-29918
1550407678,26.10,15.50,52,-29911
1550407739,26.00,15.50,55,-29926
1550407799,26.00,15.50,58,-29914
1550407859,26.00,15.50,59,-29926
1550407919,25.90,15.30,58,-29926
1550407979,26.00,15.60,52,-29931
1550408039,25.90,15.30,51,-29930
1550408099,25.90,15.20,63,-29931
1550408159,25.90,15.30,62,-29931
1550408219,25.90,15.30,56,-29935
1550408279,25.90,15.30,48,-29931
1550408340,25.90,15.30,42,-29944
1550408400,25.90,15.30,42,-29937
1550408460,25.90,15.30,43,-29935
1550408520,25.90,15.30,48,-29925
1550408580,25.90,15.30,57,-29907
1550408640,25.80,15.40,61,-29933
1550408700,25.70,15.40,62,-29931
1550408760,25.70,15.50,60,-29942
1550408820,25.70,15.50,55,-29956
1550408881,25.60,15.50,50,-29963
1550408941,25.60,15.60,50,-29955
1550409001,25.60,15.60,52,-29947
1550409061,25.40,15.70,55,-29940
1550409121,25.40,15.70,57,-29933
1550409181,25.40,15.80,61,-29938
1550409241,25.30,15.80,64,-29942
1550409301,25.30,15.80,64,-29951
1550409361,25.30,15.90,73,-29952
1550409421,25.20,15.90,73,-29953
1550409482,25.20,15.90,71,-29948
1550409542,25.10,16.00,65,-29957
1550409602,25.10,16.10,58,-29956
1550409662,25.10,16.10,58,-29957
1550409722,25.10,16.10,67,-29963
1550409782,25.20,16.10,67,-29966
1550409842,25.20,16.10,77,-29962
1550409902,25.30,16.10,81,-29976
1550409962,25.30,16.10,83,-29971
1550410023,25.30,16.10,75,-29984
1550410083,25.30,16.10,80,-29991
1550410143,25.30,16.10,90,-29994
1550410203,25.40,16.10,88,-29992
1550410263,25.40,16.10,92,-29996
1550410323,25.40,16.10,92,-30001
1550410383,25.50,16.10,96,-30007
1550410443,25.50,16.00,97,-29993
1550410503,25.50,16.00,94,-30002
1550410563,25.50,16.00,87,-30002
1550410624,25.60,16.00,80,-29997
1550410684,25.60,16.00,66,-29996
1550410744,25.70,15.90,64,-30004
1550410804,25.80,15.80,57,-29995
1550410864,25.80,15.80,48,-29995
1550410924,25.90,15.70,43,-29993
1550410984,26.00,16.00,41,-30001
1550411044,26.10,16.00,38,-30001
1550411104,26.20,15.90,36,-30011
1550411165,26.20,15.80,39,-30019
1550411225,26.30,15.80,49,-30029
1550411285,26.40,15.70,45,-30030
1550411345,26.40,15.70,45,-30036
1550411405,26.50,15.60,44,-30037
1550411465,26.50,15.60,44,-30035
1550411525,26.60,15.60,44,-30036
1550411585,26.60,15.50,43,-30037
1550411645,26.70,15.50,43,-30037
1550411705,26.70,15.40,42,-30039
1550411766,26.90,15.30,41,-30043
1550411826,26.90,15.30,49,-30042
1550411886,27.00,15.60,54,-30052
1550411946,27.10,15.60,58,-30042
1550412006,27.10,15.60,66,-30037
1550412066,27.10,15.50,74,-30044
1550412126,27.30,15.50,87,-30053
1550412186,27.30,15.40,99,-30055
1550412246,27.40,15.30,115,-30043
1550412307,27.40,15.30,130,-30054
1550412367,27.50,15.30,139,-30051
1550412427,27.60,15.20,150,-30050
1550412487,27.60,15.30,171,-30049
1550412547,27.60,15.20,177,-30045
1550412607,27.70,15.10,182,-30046
1550412667,27.80,15.00,196,-30054
1550412727,27.80,14.90,219,-30043
1550412787,27.80,14.90,199,-30043
1550412847,27.80,14.90,193,-30039
1550412908,28.00,15.10,202,-30040
1550412968,28.00,15.00,201,-30039
1550413028,28.10,15.00,194,-30037
1550413088,28.20,15.00,165,-30033
1550413148,28.20,15.00,173,-30035
1550413208,28.20,15.00,175,-30037
1550413268,28.20,15.00,196,-30032
1550413328,28.20,14.90,190,-30027
1550413389,28.30,14.90,193,-30025
1550413449,28.30,14.90,209,-30024
1550413509,28.40,14.90,208,-30024
1550413569,28.40,14.80,176,-30018
1550413629,28.50,14.80,129,-30007
1550413689,28.50,14.80,117,-30008
1550413749,28.50,14.70,119,-30013
1550413809,28.60,14.60,97,-30005
1550413869,28.60,14.60,77,-30000
1550413929,28.60,14.70,81,-30001
1550413990,28.70,14.60,105,-30004
1550414050,28.70,14.60,116,-29987
1550414110,28.70,14.60,115,-29988
1550414170,28.80,14.60,104,-29995
1550414230,28.80,14.60,100,-29990
1550414290,28.80,14.50,94,-29991
1550414350,28.70,14.70,82,-29987
1550414410,28.70,14.70,82,-29986
1550414470,28.70,14.70,89,-29986
1550414531,28.60,14.70,105,-29983
1550414591,28.70,14.60,107,-29999
1550414651,28.70,14.70,116,-29997
1550414711,28.70,14.70,114,-29997
1550414771,28.70,14.70,120,-30000
1550414831,28.70,14.70,124,-30004
1550414891,28.70,14.60,124,-30000
1550414951,28.80,14.50,121,-30009
1550415011,28.90,14.40,119,-30009
1550415071,29.00,14.80,113,-30017
1550415132,28.90,14.40,117,-30017
1550415192,28.80,14.50,130,-30018
1550415252,28.90,14.40,119,-30011
1550415312,28.90,14.40,113,-30004
1550415372,28.90,14.40,111,-30008
1550415432,28.90,14.40,117,-30016
1550415492,28.90,14.40,118,-30007
1550415552,28.90,14.40,115,-30008
1550415612,28.80,14.40,117,-30005
1550415673,28.70,14.50,119,-30006
1550415733,28.70,14.50,130,-30004
1550415793,28.70,14.60,139,-30012
1550415853,28.70,14.60,141,-30004
1550415913,28.60,14.60,132,-30009
1550415973,28.50,14.70,135,-30008
1550416033,28.50,14.70,126,-30008
1550416093,28.50,14.70,139,-30005
1550416153,28.40,14.90,203,-30009
1550416214,28.30,15.10,209,-30016
1550416274,28.30,15.60,209,-30019
1550416334,28.30,15.70,213,-30029
1550416394,28.20,15.60,202,-30023
1550416454,28.10,15.70,206,-30022
1550416514,28.00,15.80,222,-30020
1550416574,28.00,15.90,220,-30023
1550416634,27.90,15.60,223,-30031
1550416694,27.90,15.50,216,-30024
1550416754,27.80,15.60,217,-30025
1550416815,27.80,15.60,227,-30026
1550416875,27.80,15.70,204,-30029
1550416935,27.70,15.80,203,-30035
1550416995,27.70,15.90,206,-30028
1550417055,27.60,16.40,193,-30031
1550417115,27.50,16.00,193,-30035
1550417175,27.50,15.80,213,-30033
1550417235,27.50,15.70,208,-30040
1550417295,27.50,15.60,211,-30037
1550417356,27.60,15.60,217,-30027
1550417416,27.40,15.60,222,-30042
1550417476,27.50,15.60,230,-30052
1550417536,27.40,15.60,237,-30042
1550417596,27.40,15.60,236,-30056
1550417656,27.50,15.50,242,-30057
1550417716,27.50,15.40,243,-30055
1550417776,27.50,15.40,243,-30054
1550417836,27.40,15.40,241,-30055
1550417896,27.40,15.40,259,-30061
1550417957,27.40,15.40,276,-30069
1550418017,27.40,15.40,273,-30061
1550418077,27.30,15.50,259,-30070
1550418137,27.30,15.50,249,-30070
1550418197,27.20,15.50,243,-30077
1550418257,27.20,15.50,222,-30074
1550418317,27.20,15.50,198,-30081
1550418377,27.20,15.50,222,-30077
1550418437,27.20,15.60,241,-30070
1550418498,27.10,15.60,242,-30070
1550418558,27.10,15.60,244,-30077
1550418618,27.00,15.60,238,-30079
1550418678,27.00,15.60,216,-30077
1550418738,27.00,15.60,216,-30081
1550418798,26.90,15.20,210,-30080
1550418858,26.90,15.20,194,-30070
1550418918,26.90,15.20,203,-30080
1550418978,26.90,15.30,206,-30073
1550419038,26.90,15.30,189,-30075
1550419099,26.80,15.30,192,-30074
1550419159,26.80,15.20,209,-30083
1550419219,26.80,15.30,202,-30088
1550419279,26.80,15.40,196,-30087
1550419339,26.70,15.30,204,-30088
1550419399,26.70,15.30,196,-30094
1550419459,26.70,15.30,199,-30108
1550419519,26.70,15.50,225,-30115
1550419579,26.60,15.50,208,-30110
1550419640,26.60,15.40,204,-30119
1550419700,26.50,15.40,220,-30122
1550419760,26.50,15.50,194,-30116
1550419820,26.50,15.50,187,-30123
1550419880,26.50,15.50,209,-30122
1550419940,26.50,15.50,222,-30128
1550420000,26.40,15.60,218,-30130
1550420060,26.40,15.50,212,-30125
1550420120,26.40,15.50,200,-30121
1550420180,26.30,15.60,204,-30129
1550420241,26.30,15.60,212,-30120
1550420301,26.30,15.70,195,-30116
1550420361,26.20,15.70,183,-30122
1550420421,26.20,15.70,191,-30128
1550420481,26.20,15.70,178,-30132
1550420541,26.10,15.80,183,-30133
1550420601,26.10,15.80,202,-30130
1550420661,26.10,15.80,201,-30141
1550420721,26.10,15.80,186,-30137
1550420782,26.00,15.90,182,-30133
1550420842,26.10,15.80,183,-30133
1550420902,26.10,15.80,184,-30150
1550420962,26.20,15.80,175,-30148
1550421022,26.20,15.80,184,-30149
1550421082,26.20,15.80,181,-30153
1550421142,26.20,15.90,175,-30151
1550421202,26.20,15.90,170,-30157
1550421262,26.20,15.90,168,-30152
1550421322,26.30,15.80,173,-30153
1550421383,26.30,15.90,188,-30155
1550421443,26.30,15.90,199,-30172
1550421503,26.30,15.90,203,-30163
1550421563,26.30,15.90,190,-30166
1550421623,26.30,15.80,192,-30167
1550421683,26.40,15.80,198,-30164
1550421743,26.40,15.80,210,-30174
1550421803,26.40,15.80,222,-30177
1550421863,26.50,15.70,231,-30174
1550421924,26.50,15.70,220,-30177
1550421984,26.60,15.70,196,-30169
1550422044,26.60,15.70,178,-30170
1550422104,26.60,15.60,163,-30174
1550422164,26.70,15.60,166,-30177
1550422224,26.80,15.60,182,-30163
1550422284,26.80,15.50,203,-30174
1550422344,26.90,15.50,201,-30187
1550422404,27.00,15.90,197,-30188
1550422465,27.00,15.80,182,-30192
1550422525,27.10,15.70,168,-30181
1550422585,27.20,15.70,179,-30197
1550422645,27.30,15.60,194,-30192
1550422705,27.30,15.60,206,-30194
1550422765,27.30,15.50,200,-30192
1550422825,27.40,15.50,176,-30187
1550422885,27.50,15.50,158,-30187
1550422945,27.50,15.40,150,-30197
1550423005,27.60,15.40,147,-30189
1550423066,27.60,15.30,150,-30188
1550423126,27.70,15.30,160,-30193
1550423186,27.80,15.30,178,-30191
1550423246,27.80,15.20,174,-30198
1550423306,27.90,15.10,171,-30186
1550423366,27.90,15.10,162,-30181
1550423426,28.10,15.40,157,-30187
1550423486,28.10,15.40,149,-30195
1550423546,28.10,15.30,143,-30185
1550423607,28.10,15.40,148,-30195
1550423667,28.20,15.30,162,-30193
1550423727,28.20,15.50,172,-30196
1550423787,28.20,15.50,175,-30192
1550423847,28.30,15.40,173,-30208
1550423907,28.30,15.40,169,-30200
1550423967,28.30,15.40,160,-30203
1550424027,28.30,15.30,152,-30198
1550424087,28.30,15.40,153,-30206
1550424147,28.30,15.60,150,-30203
1550424208,28.40,15.60,138,-30205
1550424268,28.40,15.80,135,-30200
1550424328,28.40,15.50,146,-30192
1550424388,28.40,15.50,148,-30202
1550424448,28.50,15.50,144,-30194
1550424508,28.50,15.40,146,-30194
1550424568,28.60,15.50,97,-30198
1550424628,28.60,15.50,183,-30197
1550424688,28.60,16.20,184,-30202
1550424749,28.40,15.90,183,-30200
1550424809,28.30,15.90,181,-30199
1550424869,28.30,15.90,177,-30196
1550424929,28.30,16.00,181,-30202
1550424989,28.30,15.90,190,-30206
1550425049,28.30,16.10,191,-30211
1550425109,28.40,15.80,184,-30211
1550425169,28.50,15.70,173,-30212
1550425229,28.40,15.70,174,-30212
1550425289,28.30,15.70,174,-30219
1550425350,28.20,15.90,172,-30216
1550425410,28.10,15.90,172,-30218
1550425470,28.00,15.90,174,-30222
1550425530,27.90,15.70,176,-30230
1550425590,27.90,15.70,174,-30224
1550425650,27.80,15.80,162,-30229
1550425710,27.80,15.70,154,-30225
1550425770,27.80,15.70,157,-30230
1550425830,27.80,15.70,163,-30229
1550425891,27.90,15.70,167,-30226
1550425951,27.80,15.70,162,-30234
1550426011,27.80,15.70,158,-30234
1550426071,27.80,15.80,154,-30229
1550426131,27.70,15.80,154,-30234
1550426191,27.80,15.80,160,-30237
1550426251,27.70,15.80,156,-30223
1550426311,27.80,15.80,154,-30230
1550426371,27.80,15.70,151,-30229
1550426432,27.80,15.80,147,-30232
1550426492,27.70,15.90,158,-30237
1550426552,27.80,15.90,158,-30233
1550426612,28.00,16.00,158,-30236
1550426672,28.00,16.00,162,-30242
1550426732,27.90,15.80,158,-30232
1550426792,27.80,15.80,150,-30234
1550426852,27.90,15.90,158,-30248
1550426912,27.80,15.80,163,-30250
1550426972,27.90,15.80,165,-30245
1550427033,28.00,16.00,163,-30250
1550427093,28.00,16.00,161,-30248
1550427153,28.00,16.00,167,-30252
1550427213,28.00,16.00,168,-30256
1550427273,27.90,15.80,164,-30245
1550427333,28.00,16.10,158,-30247
1550427393,27.90,15.80,150,-30250
1550427453,28.10,16.00,155,-30249
1550427513,28.10,16.00,163,-30248
1550427574,28.20,15.90,167,-30250
1550427634,28.30,15.70,169,-30244
1550427694,28.30,15.80,168,-30247
1550427754,28.30,15.80,165,-30248
1550427814,28.30,15.80,160,-30257
1550427874,28.40,15.70,163,-30259
1550427934,28.30,15.80,157,-30250
1550427994,28.40,15.80,158,-30255
1550428054,28.50,15.70,159,-30255
1550428115,28.60,15.60,154,-30262
1550428175,28.70,15.60,148,-30252
1550428235,28.60,15.70,145,-30250
1550428295,28.60,15.70,136,-30257
1550428355,28.60,15.80,127,-30252
1550428415,28.80,15.70,128,-30245
1550428475,28.80,15.70,127,-30251
1550428535,28.80,15.70,125,-30248
1550428595,28.90,15.60,134,-30241
1550428655,29.00,16.10,140,-30246
1550428716,28.90,15.90,134,-30242
1550428776,28.90,16.00,127,-30236
1550428836,28.90,16.30,124,-30246
1550428896,28.80,16.30,225,-30246
1550428956,28.80,16.50,223,-30244
1550429016,29.00,16.80,229,-30241
1550429076,29.10,16.80,232,-30245
1550429136,29.20,16.60,222,-30247
1550429196,29.30,16.40,219,-30248
1550429257,29.40,16.20,219,-30247
1550429317,29.40,16.20,227,-30250
1550429377,29.50,16.00,229,-30247
1550429437,29.60,15.90,230,-30251
1550429497,29.70,15.70,228,-30255
1550429557,29.80,15.60,224,-30251
1550429617,29.80,15.50,228,-30247
1550429677,29.90,15.40,225,-30247
1550429737,29.90,15.30,225,-30247
1550429797,29.90,15.20,223,-30248
1550429858,29.90,15.20,225,-30249
1550429918,29.80,15.30,226,-30242
1550429978,29.70,15.30,221,-30248
1550430038,29.70,15.40,219,-30238
1550430098,29.60,15.40,223,-30241
1550430158,29.50,15.40,229,-30241
1550430218,29.40,15.50,228,-30238
1550430278,29.30,15.50,226,-30236
1550430338,29.30,15.50,225,-30244
1550430399,29.20,15.50,223,-30248
1550430459,29.20,15.50,224,-30248
1550430519,29.30,15.40,223,-30246
1550430579,29.30,15.40,223,-30240
1550430639,29.20,15.50,214,-30231
1550430699,29.20,15.60,219,-30237
1550430759,29.10,15.70,217,-30230
1550430819,29.00,15.70,216,-30239
1550430879,28.90,15.30,215,-30235
1550430939,28.80,15.40,214,-30239
1550431000,28.80,15.40,213,-30229
1550431060,28.70,15.50,215,-30231
1550431120,28.80,15.50,211,-30224
1550431180,28.70,15.40,212,-30225
1550431240,28.70,15.60,213,-30223
1550431300,28.70,15.50,217,-30224
1550431360,28.60,15.70,212,-30223
1550431420,28.50,15.70,210,-30215
1550431480,28.40,15.80,207,-30212
1550431541,28.20,15.80,205,-30213
1550431601,28.10,15.80,204,-30220
1550431661,28.10,15.90,205,-30218
1550431721,28.00,15.90,199,-30224
1550431781,27.90,15.60,197,-30214
1550431841,27.80,15.80,198,-30218
1550431901,27.70,15.80,195,-30215
1550431961,27.60,15.80,199,-30213
1550432021,27.60,15.80,201,-30209
1550432081,27.60,15.80,204,-30208
1550432142,27.60,15.80,206,-30208
1550432202,27.40,15.90,205,-30203
1550432262,27.30,16.00,199,-30205
1550432322,27.30,16.10,196,-30205
1550432382,27.20,16.10,191,-30201
1550432442,27.20,16.10,190,-30203
1550432502,27.10,16.10,195,-30197
1550432562,27.10,16.30,192,-30190
1550432622,27.10,16.20,194,-30188
1550432683,27.00,16.20,193,-30186
1550432743,26.90,15.90,198,-30186
1550432803,26.90,16.00,200,-30184
1550432863,26.80,16.10,154,-30192
1550432923,26.70,16.10,181,-30189
1550432983,26.70,16.30,178,-30192
1550433043,26.50,16.40,179,-30195
1550433103,26.40,16.50,176,-30188
1550433163,26.40,16.60,171,-30193
1550433224,26.40,16.70,176,-30188
1550433284,26.40,16.70,173,-30204
1550433344,26.50,16.60,174,-30190
1550433404,26.50,16.70,166,-30191
1550433464,26.40,16.70,165,-30200
1550433524,26.30,16.80,171,-30200
1550433584,26.40,16.90,172,-30202
1550433644,26.40,16.80,174,-30198
1550433704,26.30,16.90,171,-30197
1550433764,26.20,16.90,173,-30192
1550433825,26.10,17.00,168,-30197
1550433885,26.20,17.00,173,-30195
1550433945,26.10,17.10,171,-30192
1550434005,26.00,17.20,170,-30188
1550434065,25.90,16.90,169,-30203
1550434125,25.90,16.90,168,-30204
1550434185,25.90,17.00,166,-30205
1550434245,25.90,16.90,167,-30211
1550434305,25.80,17.00,165,-30222
1550434366,25.80,17.00,167,-30214
1550434426,25.80,17.00,167,-30225
1550434486,25.70,17.10,171,-30218
1550434546,25.70,17.00,173,-30221
1550434606,25.70,17.00,174,-30220
1550434666,25.80,17.10,171,-30223
1550434726,25.80,17.10,170,-30222
1550434786,25.70,17.20,170,-30216
1550434846,25.50,17.40,166,-30208
1550434906,25.50,17.40,165,-30208
1550434967,25.40,17.60,160,-30198
1550435027,25.30,17.70,159,-30208
1550435087,25.50,17.60,159,-30205
1550435147,25.50,17.50,158,-30200
1550435207,25.60,17.50,156,-30192
1550435267,25.80,17.30,154,-30200
1550435327,25.80,17.30,160,-30200
1550435387,25.90,17.20,156,-30200
1550435447,25.90,17.20,157,-30206
1550435508,25.80,17.20,161,-30208
1550435568,25.80,17.20,162,-30202
1550435628,25.80,17.30,158,-30205
1550435688,25.90,17.30,160,-30197
1550435748,25.80,17.20,153,-30195
1550435808,25.70,17.30,153,-30196
1550435868,25.60,17.30,154,-30199
1550435928,25.60,17.40,157,-30191
1550435988,25.70,17.50,153,-30191
1550436048,25.70,17.40,157,-30191
1550436109,25.80,17.20,154,-30197
1550436169,25.90,17.10,155,-30181
1550436229,25.90,17.00,151,-30185
1550436289,25.90,16.90,152,-30187
1550436349,26.00,17.20,153,-30191
1550436409,26.10,17.20,154,-30179
1550436469,26.10,17.10,149,-30177
1550436529,26.20,17.00,148,-30173
1550436589,26.20,16.90,149,-30158
1550436650,26.30,16.90,149,-30165
1550436710,26.40,16.90,147,-30165
1550436770,26.40,16.80,162,-30167
1550385560,26.40,16.60,159,-30164
1550385620,26.40,17.30,158,-30157
1550385680,26.50,17.40,160,-30149
1550385740,26.60,17.40,161,-30150
1550385800,26.60,17.50,161,-30154
1550385860,26.50,17.50,160,-30156
1550385920,26.50,17.60,159,-30147
1550385980,26.40,17.60,155,-30141
1550386040,26.40,17.70,156,-30149
1550386100,26.20,17.80,155,-30131
1550386161,26.10,17.90,156,-30135
1550386221,26.20,17.90,152,-30135
1550386281,26.30,17.80,153,-30135
1550386341,26.30,17.80,155,-30135
1550386401,26.40,17.80,157,-30138
1550386461,26.40,17.70,151,-30134
1550386521,26.40,17.90,155,-30139
1550386581,26.30,17.80,157,-30134
1550386641,26.30,17.80,153,-30132
1550386702,26.20,17.90,154,-30130
1550386762,26.30,17.90,154,-30130
1550386822,26.30,17.70,153,-30121
1550386882,26.50,17.70,150,-30125
1550386942,26.50,17.40,152,-30129
1550387002,26.50,17.40,150,-30126
1550387062,26.60,17.40,151,-30127
1550387122,26.70,17.30,153,-30128
1550387182,26.80,17.20,149,-30133
1550387242,26.90,17.20,150,-30127
1550387303,27.00,17.60,151,-30130
1550387363,27.00,17.50,149,-30128
1550387423,27.10,17.40,153,-30133
1550387483,27.10,17.20,155,-30134
1550387543,27.20,17.20,152,-30128
1550387603,27.20,17.20,152,-30128
1550387663,27.20,17.30,152,-30120
1550387723,27.20,17.40,154,-30129
1550387783,27.10,17.30,149,-30117
1550387844,27.20,17.20,578,-30108
1550387904,27.00,17.20,575,-30119
1550387964,27.00,17.20,572,-30116
1550388024,27.10,17.10,569,-30113
1550388084,27.10,17.10,567,-30123
1550388144,27.20,17.00,565,-30110
1550388204,27.20,17.00,564,-30107
1550388264,27.20,16.90,562,-30113
1550388324,27.30,16.90,562,-30107
1550388384,27.40,16.80,560,-30110
1550388445,27.40,16.70,559,-30099
1550388505,27.40,16.70,557,-30090
1550388565,27.40,16.70,558,-30099
1550388625,27.40,16.80,558,-30104
1550388685,27.40,16.80,555,-30098
1550388745,27.40,16.80,557,-30088
1550388805,27.40,16.90,552,-30086
1550388865,27.40,17.00,555,-30096
1550388925,27.50,16.90,555,-30094
1550388986,27.60,16.80,555,-30089
1550389046,27.70,16.80,554,-30081
1550389106,27.80,16.80,554,-30083
1550389166,27.80,16.70,552,-30082
1550389226,27.70,16.70,552,-30075
1550389286,27.70,16.80,551,-30076
1550389346,27.60,16.80,551,-30079
1550389406,27.40,16.90,551,-30071
1550389466,27.30,17.00,551,-30064
1550389527,27.20,17.10,551,-30060
1550389587,27.00,17.30,551,-30066
1550389647,26.90,17.00,551,-30069
1550389707,26.90,17.00,550,-30070
1550389767,26.70,17.10,550,-30073
1550389827,26.60,17.20,550,-30075
1550389887,26.70,17.20,551,-30071
1550389947,26.50,17.20,550,-30072
1550390007,26.40,17.40,550,-30066
1550390068,26.40,17.40,550,-30075
1550390128,26.30,17.50,550,-30065
1550390188,26.30,17.50,550,-30070
1550390248,26.30,17.50,550,-30070
1550390308,26.30,17.50,550,-30071
1550390368,26.20,17.50,550,-30060
1550390428,26.20,17.50,550,-30059
1550390488,26.10,17.60,550,-30059
1550390548,26.10,17.70,549,-30050
1550390609,26.00,17.70,550,-30046
1550390669,25.90,17.40,549,-30046
1550390729,25.80,17.50,550,-30046
1550390789,25.70,17.50,549,-30046
1550390849,25.60,17.60,549,-30039
1550390909,25.60,17.60,549,-30040
1550390969,25.60,17.70,549,-30033
1550391029,25.60,17.70,549,-30048
1550391089,25.60,17.60,549,-30041
1550391149,25.60,17.70,549,-30045
1550391210,25.50,17.70,549,-30043
1550391270,25.50,17.70,549,-30040
1550391330,25.40,17.70,549,-30035
1550391390,25.40,17.70,549,-30037
1550391450,25.30,17.80,549,-30028
1550391510,25.30,17.80,549,-30033
1550391570,25.20,17.90,549,-30029
1550391630,25.30,17.90,549,-30023
1550391690,25.20,18.00,549,-30018
1550391751,25.20,18.20,549,-30020
1550391811,25.10,18.20,549,-30019
1550391871,25.10,18.30,549,-30015
1550391931,25.00,18.30,549,-30016
1550391991,25.00,18.40,549,-30011
1550392051,25.00,18.40,549,-30012
1550392111,25.00,18.40,549,-30007
1550392171,24.90,18.40,548,-30010
1550392231,25.00,18.40,548,-30004
1550392292,25.00,18.40,548,-29999
1550392352,24.80,18.30,548,-30005
1550392412,24.80,18.40,548,-29997
1550392472,24.80,18.40,548,-30001
1550392532,24.70,18.40,548,-30000
1550392592,24.80,18.40,548,-29999
1550392652,24.80,18.40,548,-30006
1550392712,24.80,18.40,548,-30004
1550392772,24.70,18.40,548,-29999
1550392833,24.70,18.50,548,-30000
1550392893,24.70,18.50,548,-29996
1550392953,24.70,18.50,548,-30006
1550393013,24.70,18.40,548,-29997
1550393073,24.70,18.40,548,-30013
1550393133,24.70,18.50,548,-30006
1550393193,24.70,18.50,547,-30001
1550393253,24.80,18.50,548,-30000
1550393313,24.80,18.60,548,-30003
1550393374,24.80,18.50,548,-29984
1550393434,24.80,18.60,548,-30001
1550393494,24.90,18.60,548,-30004
1550393554,24.90,18.50,548,-29999
1550393614,24.90,18.50,548,-30008
1550393674,24.90,18.50,548,-30000
1550393734,25.00,18.50,548,-29996
1550393794,25.00,18.40,548,-29998
1550393854,25.10,18.30,548,-29996
1550393914,25.10,18.30,548,-30001
1550393975,25.10,18.30,548,-30002
1550394035,25.10,18.30,547,-29998
1550394095,25.10,18.30,548,-29989
1550394155,25.10,18.30,548,-29993
1550394215,25.10,18.30,548,-29996
1550394275,25.10,18.30,548,-29998
1550394335,25.10,18.20,548,-30001
1550394395,25.10,18.30,547,-29999
1550394455,25.10,18.30,547,-29998
1550394516,25.10,18.30,547,-30000
1550394576,25.10,18.30,547,-30003
1550394636,25.00,18.30,548,-30000
1550394696,25.00,18.40,547,-29997
1550394756,25.00,18.40,547,-29997
1550394816,25.00,18.40,548,-30002
1550394876,25.00,18.40,548,-29997
1550394936,24.90,18.40,548,-29999
1550394996,24.80,18.30,547,-29997
1550395057,24.80,18.40,548,-29997
1550395117,24.80,18.40,547,-29992
1550395177,24.90,18.40,546,-30000
1550395237,24.80,18.40,548,-29996
1550395297,24.70,18.50,548,-29993
1550395357,24.70,18.70,548,-29997
1550395417,24.70,18.70,548,-29998
1550395477,24.60,18.60,548,-29987
1550395537,24.60,18.70,548,-29990
1550395598,24.60,18.70,548,-29992
1550395658,24.60,18.70,548,-29996
1550395718,24.70,18.70,548,-29994
1550395778,24.70,18.70,548,-29993
1550395838,24.70,18.70,548,-29992
1550395898,24.70,18.60,548,-29990
1550395958,24.80,18.60,548,-30000
1550396018,24.90,18.60,548,-29998
1550396078,24.90,18.60,548,-29991
1550396139,24.90,18.50,548,-29990
1550396199,25.00,18.40,548,-29996
1550396259,25.10,18.40,548,-29989
1550396319,25.20,18.30,548,-29987
1550396379,25.20,18.30,548,-29988
1550396439,25.30,18.20,548,-29989
1550396499,25.30,18.20,548,-29991
1550396559,25.40,18.20,548,-29995
1550396619,25.50,18.10,548,-29986
1550396679,25.60,18.00,548,-29989
1550396740,25.60,18.00,548,-29985
1550396800,25.70,18.00,547,-29976
1550396860,25.80,17.90,547,-29988
1550396920,26.00,18.00,547,-29986
1550396980,26.20,17.80,547,-29990
1550397040,26.50,17.60,547,-29990
1550397100,26.60,17.40,547,-29991
1550397160,26.80,17.20,547,-29980
1550397220,27.00,17.40,547,-29990
1550397281,27.30,17.20,547,-29992
1550397341,27.50,17.00,547,-29997
1550397401,27.60,16.80,547,-29981
1550397461,27.80,16.70,546,-29992
1550397521,27.80,16.60,547,-29994
1550397581,28.00,16.70,546,-29990
1550397641,28.00,16.70,547,-29990
1550397701,28.10,16.60,547,-29984
1550397761,28.20,16.60,546,-29988
1550397822,28.30,16.50,546,-29989
1550397882,28.40,16.50,544,-29986
1550397942,28.60,16.40,546,-29985
1550398002,28.70,16.30,546,-29978
1550398062,28.80,16.20,546,-29970
1550398122,28.80,16.10,546,-29955
1550398182,28.80,16.10,546,-29967
1550398242,28.80,16.10,546,-29969
1550398302,28.80,16.10,546,-29967
1550398363,28.80,16.10,60,-29965
1550398423,28.90,16.10,60,-29965
1550398483,29.00,16.40,60,-29968
1550398543,29.10,16.40,60,-29969
1550398603,29.10,16.40,61,-29961
1550398663,29.10,16.30,58,-29966
1550398723,29.20,16.30,58,-29976
1550398783,29.20,16.30,57,-29968
1550398843,29.20,16.30,58,-29971
1550398904,29.30,16.20,58,-29966
1550398964,29.30,16.20,58,-29963
1550399024,29.30,16.30,58,-29958
1550399084,29.30,16.40,58,-29959
1550399144,29.30,16.40,58,-29955
1550399204,29.30,16.30,58,-29961
1550399264,29.30,16.30,58,-29960
1550399324,29.30,16.30,57,-29968
1550399384,29.30,16.70,57,-29964
1550399444,29.30,16.40,58,-29958
1550399505,29.30,16.30,58,-29964
1550399565,29.30,16.40,58,-29967
1550399625,29.30,16.40,58,-29959
1550399685,29.30,16.30,57,-29964
1550399745,29.30,16.50,58,-29958
1550399805,29.20,16.60,57,-29952
1550399865,29.00,16.60,43,-29958
1550399925,29.00,16.60,43,-29955
1550399985,29.10,16.70,43,-29963
1550400046,29.00,16.70,43,-29956
1550400106,28.90,16.30,43,-29959
1550400166,28.60,16.60,43,-29956
1550400226,28.50,16.60,43,-29951
1550400286,28.40,16.60,43,-29957
1550400346,28.30,16.90,44,-29949
1550400406,28.20,16.90,44,-29945
1550400466,28.10,17.00,43,-29944
1550400526,28.00,17.20,43,-29937
1550400587,27.90,16.80,43,-29943
1550400647,27.80,17.00,43,-29947
1550400707,27.80,17.10,44,-29950
1550400767,27.70,17.10,44,-29945
1550400827,27.70,17.20,44,-29940
1550400887,27.70,17.00,44,-29938
1550400947,27.80,17.10,44,-29937
1550401007,27.80,16.90,44,-29933
1550401067,27.90,16.80,44,-29931
1550401127,27.90,16.90,44,-29913
1550401188,27.90,16.90,43,-29930
1550401248,27.90,16.90,44,-29922
1550401308,27.90,16.80,44,-29918
1550401368,27.90,16.90,44,-29914
1550401428,27.80,16.90,44,-29918
1550401488,27.80,16.90,44,-29906
1550401548,27.80,16.90,44,-29910
1550401608,27.70,16.90,44,-29915
1550401668,27.60,17.00,43,-29911
1550401729,27.50,17.00,43,-29912
1550401789,27.60,16.90,45,-29904
1550401849,27.70,17.00,44,-29900
1550401909,27.70,16.90,45,-29901
1550401969,27.70,16.80,44,-29892
1550402029,27.70,16.80,44,-29874
1550402089,27.80,16.80,44,-29894
1550402149,27.70,16.80,44,-29895
1550402209,27.70,16.80,44,-29894
1550402270,27.70,16.70,44,-29897
1550402330,27.70,16.80,44,-29899
1550402390,27.70,17.00,45,-29900
1550402450,27.70,16.90,44,-29898
1550402510,27.80,17.00,45,-29897
1550402570,27.90,16.80,44,-29902
1550402630,27.90,16.70,44,-29900
1550402690,27.90,16.70,45,-29905
1550402750,27.90,16.60,44,-29905
1550402811,28.10,16.90,44,-29895
1550402871,28.10,16.80,44,-29893
1550402931,28.10,16.70,45,-29893
1550402991,28.10,16.90,45,-29892
1550403051,28.00,16.90,44,-29892
1550403111,28.00,16.90,45,-29890
1550403171,28.10,16.70,44,-29889
1550403231,28.00,16.80,44,-29885
1550403291,28.00,16.80,44,-29884
1550403351,28.00,16.80,44,-29890
1550403412,27.90,16.60,45,-29884
1550403472,27.90,16.60,44,-29890
1550403532,27.90,16.60,44,-29888
1550403592,27.90,16.50,44,-29863
1550403652,27.90,16.50,44,-29882
1550403712,27.90,16.60,44,-29877
1550403772,27.90,16.50,44,-29872
1550403832,27.80,16.60,46,-29880
1550403892,27.80,16.60,45,-29871
1550403953,27.80,16.70,46,-29882
1550404013,27.70,16.80,45,-29876
1550404073,27.70,16.70,46,-29870
1550404133,27.70,16.70,46,-29871
1550404193,27.70,16.80,37,-29871
1550404253,27.70,16.70,40,-29867
1550404313,27.70,16.80,45,-29879
1550404373,27.60,17.00,46,-29871
1550404433,27.60,17.00,44,-29871
1550404494,27.50,16.90,44,-29864
1550404554,27.40,16.90,44,-29869
1550404614,27.40,16.80,44,-29868
1550404674,27.40,16.80,44,-29861
1550404734,27.30,17.00,44,-29864
1550404794,27.20,17.00,44,-29865
1550404854,27.10,17.10,44,-29869
1550404914,27.00,17.20,44,-29864
1550404974,26.90,16.80,44,-29867
1550405035,26.80,16.90,44,-29856
1550405095,26.60,17.00,44,-29861
1550405155,26.60,17.00,44,-29867
1550405215,26.50,17.10,44,-29860
1550405275,26.40,17.20,40,-29859
1550405335,26.40,17.30,40,-29860
1550405395,26.40,17.30,44,-29863
1550405455,26.30,17.50,0,-29861
1550405515,26.30,17.50,0,-29849
1550405575,26.30,17.60,0,-29853
1550405636,26.30,17.50,0,-29842
1550405696,26.40,17.50,0,-29831
1550405756,26.60,17.30,0,-29844
1550405816,26.60,17.20,0,-29849
1550405876,26.70,17.40,0,-29844
1550405936,26.70,17.40,0,-29841
1550405996,26.70,17.20,0,-29842
1550406056,26.70,17.20,0,-29844
1550406116,26.70,17.20,0,-29840
1550406177,26.70,17.20,0,-29838
1550406237,26.80,17.20,0,-29832
1550406297,26.70,17.20,0,-29837
1550406357,26.70,17.20,0,-29833
1550406417,26.70,17.20,0,-29833
1550406477,26.70,17.40,0,-29833
1550406537,26.70,17.40,0,-29838
1550406597,26.60,17.30,0,-29838
1550406657,26.60,17.40,0,-29833
1550406718,26.60,17.30,0,-29833
1550406778,26.50,17.30,0,-29831
1550406838,26.40,17.50,0,-29841
1550406898,26.30,17.60,0,-29834
1550406958,26.30,17.50,0,-29824
1550407018,26.40,17.60,0,-29833
1550407078,26.30,17.60,0,-29831
1550407138,26.40,17.60,0,-29824
1550407198,26.40,17.60,0,-29822
1550407259,26.40,17.50,0,-29827
1550407319,26.60,17.50,0,-29818
1550407379,26.60,17.50,0,-29820
1550407439,26.60,17.20,0,-29827
1550407499,26.70,17.20,0,-29824
1550407559,26.80,17.10,0,-29823
1550407619,26.80,17.10,0,-29822
1550407679,26.90,17.00,0,-29812
1550407739,27.00,17.20,0,-29816
1550407799,27.00,17.20,0,-29815
1550407860,27.20,17.10,0,-29810
1550407920,27.30,16.90,1,-29814
1550407980,27.40,16.90,1,-29809
1550408040,27.40,16.80,1,-29807
1550408100,27.50,16.80,0,-29805
1550408160,27.70,16.70,0,-29805
1550408220,27.80,16.50,0,-29799
1550408280,27.90,16.40,0,-29796
1550408340,28.00,16.70,0,-29801
1550408401,28.10,16.60,0,-29799
1550408461,28.10,16.50,0,-29795
1550408521,28.20,16.40,0,-29799
1550408581,28.30,16.30,0,-29794
1550408641,28.40,16.20,0,-29789
1550408701,28.40,16.20,0,-29796
1550408761,28.60,16.00,0,-29802
1550408821,28.60,16.00,0,-29798
1550408881,28.60,16.00,0,-29799
1550408942,28.40,16.20,0,-29794
1550409002,28.30,16.40,0,-29797
1550409062,28.20,16.60,0,-29799
1550409122,28.10,16.70,0,-29796
1550409182,28.10,16.80,0,-29791
1550409242,28.10,16.70,0,-29778
1550409302,28.10,16.90,0,-29789
1550409362,28.00,16.90,0,-29792
1550409422,28.00,16.90,0,-29784
1550409482,28.10,16.70,0,-29790
1550409543,28.20,16.60,0,-29782
1550409603,28.20,16.70,0,-29782
1550409663,28.30,16.60,0,-29781
1550409723,28.30,16.70,0,-29778
1550409783,28.30,16.60,0,-29776
1550409843,28.30,16.70,1,-29780
1550409903,28.20,16.70,1,-29768
1550409963,28.20,16.70,1,-29771
1550410023,28.30,16.60,0,-29773
1550410084,28.30,16.60,0,-29773
1550410144,28.40,16.60,0,-29774
1550410204,28.50,16.50,0,-29769
1550410264,28.60,16.40,0,-29773
1550410324,28.70,16.20,0,-29762
1550410384,28.70,16.20,0,-29758
1550410444,28.70,16.20,0,-29756
1550410504,28.80,16.20,0,-29760
1550410564,28.80,16.00,0,-29749
1550410625,28.80,16.00,0,-29756
1550410685,28.60,16.10,0,-29762
1550410745,28.60,16.20,0,-29750
1550410805,28.50,16.30,0,-29754
1550410865,28.40,16.40,0,-29749
1550410925,28.30,16.50,0,-29741
1550410985,28.20,16.60,0,-29743
1550411045,28.20,16.70,0,-29741
1550411105,28.10,16.70,0,-29750
1550411166,28.10,16.80,0,-29747
1550411226,28.10,16.70,0,-29735
1550411286,28.10,16.80,0,-29747
1550411346,28.10,16.80,0,-29752
1550411406,28.00,16.90,0,-29752
1550411466,28.00,16.80,0,-29746
1550411526,28.00,16.80,0,-29744
1550411586,28.00,16.90,0,-29744
1550411646,27.90,16.70,0,-29736
1550411706,27.80,16.80,0,-29735
1550411767,27.90,16.70,0,-29733
1550411827,27.90,16.70,0,-29733
1550411887,27.90,16.70,0,-29733
1550411947,27.80,16.80,0,-29733
1550412007,27.70,16.90,0,-29730
1550412067,27.60,17.00,0,-29736
1550412127,27.50,17.00,0,-29726
1550412187,27.50,17.00,0,-29731
1550412247,27.40,17.00,0,-29729
1550412308,27.40,17.10,0,-29738
1550412368,27.30,17.20,0,-29732
1550412428,27.40,17.20,0,-29732
1550412488,27.30,17.20,0,-29729
1550412548,27.20,17.30,0,-29721
1550412608,27.30,17.30,0,-29716
1550412668,27.30,17.20,0,-29712
1550412728,27.30,17.20,0,-29713
1550412788,27.20,17.40,1,-29712
1550412849,27.20,17.40,0,-29714
1550412909,27.20,17.40,0,-29714
1550412969,27.20,17.30,0,-29712
1550413029,27.30,17.20,0,-29706
1550413089,27.50,17.00,0,-29704
1550413149,27.50,16.90,0,-29693
1550413209,27.60,16.70,0,-29687
1550413269,27.70,16.70,1,-29679
1550413329,27.70,16.70,0,-29685
1550413390,27.70,16.60,0,-29680
1550413450,27.80,16.50,0,-29682
1550413510,27.80,16.50,0,-29678
1550413570,27.80,16.50,0,-29681
1550413630,27.90,16.40,0,-29673
1550413690,27.90,16.40,0,-29674
1550413750,27.80,16.40,0,-29669
1550413810,27.80,16.40,0,-29665
1550413870,27.80,16.40,0,-29662
1550413930,27.80,16.40,0,-29663
1550413991,27.80,16.40,0,-29666
1550414051,27.80,16.40,0,-29664
1550414111,27.80,16.30,0,-29658
1550414171,27.80,16.30,16,-29654
1550414231,27.80,16.40,17,-29654
1550414291,27.80,16.40,16,-29647
1550414351,27.70,16.40,17,-29651
1550414411,27.80,16.40,16,-29651
1550414471,27.70,16.40,17,-29650
1550414532,27.70,16.40,17,-29651
1550414592,27.70,16.40,17,-29642
1550414652,27.70,16.40,17,-29644
1550414712,27.60,16.50,16,-29641
1550414772,27.60,16.70,16,-29641
1550414832,27.60,16.80,16,-29644
1550414892,27.50,17.10,16,-29642
1550414952,27.50,17.10,16,-29644
1550415012,27.50,17.00,16,-29643
1550415073,27.40,17.20,16,-29642
1550415133,27.30,17.30,16,-29635
1550415193,27.30,17.50,16,-29632
1550415253,27.30,17.80,0,-29632
1550415313,27.30,17.70,0,-29644
1550415373,27.20,17.50,0,-29637
1550415433,27.20,17.50,0,-29630
1550415493,27.20,17.40,0,-29639
1550415553,27.10,17.50,0,-29633
1550415613,27.00,17.60,0,-29632
1550415674,27.00,17.50,0,-29633
1550415734,26.90,17.10,0,-29627
1550415794,26.90,17.20,0,-29620
1550415854,26.90,17.10,0,-29626
1550415914,26.90,17.20,0,-29628
1550415974,26.80,17.20,0,-29620
1550416034,26.80,17.20,0,-29619
1550416094,26.70,17.10,0,-29606
1550416154,26.60,17.20,0,-29607
1550416215,26.60,17.30,0,-29601
1550416275,26.50,17.30,0,-29606
1550416335,26.50,17.20,0,-29603
1550416395,26.40,17.30,0,-29600
1550416455,26.40,17.70,0,-29605
1550416515,26.40,17.80,0,-29599
1550416575,26.40,17.70,0,-29601
1550416635,26.40,17.90,0,-29596
1550416695,26.30,17.80,0,-29606
1550416756,26.30,17.70,0,-29593
1550416816,26.30,17.70,0,-29596
1550416876,26.20,17.70,0,-29603
1550416936,26.20,17.80,0,-29613
1550416996,26.20,17.80,0,-29601
1550417056,26.20,17.70,0,-29598
1550417116,26.10,17.90,0,-29601
1550417176,26.10,17.80,0,-29593
1550417236,26.10,17.90,0,-29595
1550417297,26.00,17.80,0,-29594
1550417357,26.10,17.80,0,-29591
1550417417,26.00,17.80,0,-29577
1550417477,26.00,17.80,0,-29584
1550417537,25.90,17.60,0,-29590
1550417597,25.70,17.90,0,-29583
1550417657,25.60,18.00,0,-29568
1550417717,25.60,17.80,0,-29580
1550417777,25.70,17.80,0,-29582
1550417837,25.70,17.90,0,-29579
1550417898,25.80,17.90,0,-29569
1550417958,25.80,18.00,0,-29553
1550418018,25.70,18.20,0,-29574
1550418078,25.80,18.20,0,-29569
1550418138,25.80,18.30,0,-29565
1550418198,25.80,18.20,0,-29565
1550418258,25.80,18.20,0,-29567
1550418318,25.80,18.30,0,-29564
1550418378,25.80,18.40,0,-29558
1550418439,25.90,18.40,0,-29557
1550418499,25.90,18.30,0,-29547
1550418559,25.90,18.50,0,-29547
1550418619,25.80,18.70,0,-29542
1550418679,25.70,18.90,0,-29539
1550418739,25.70,18.90,0,-29538
1550418799,25.60,18.90,0,-29539
1550418859,25.60,19.00,0,-29541
1550418919,25.60,19.00,0,-29547
1550418980,25.60,19.00,0,-29540
1550419040,25.60,19.00,0,-29539
1550419100,25.60,18.90,0,-29532
1550419160,25.60,18.80,0,-29527
1550419220,25.60,18.80,0,-29524
1550419280,25.60,18.70,0,-29532
1550419340,25.70,18.70,0,-29521
1550419400,25.80,18.60,0,-29523
1550419460,25.90,18.50,0,-29516
1550419521,26.00,18.80,0,-29515
1550419581,26.10,18.70,0,-29500
1550419641,26.20,18.50,0,-29511
1550419701,26.40,18.40,0,-29512
1550419761,26.40,18.30,0,-29507
1550419821,26.60,18.30,0,-29505
1550419881,26.60,18.20,0,-29503
1550419941,26.60,18.20,0,-29492
1550420001,26.60,18.10,0,-29503
1550420062,26.60,18.10,0,-29506
1550420122,26.70,18.00,0,-29505
1550420182,26.80,17.90,0,-29499
1550420242,26.90,17.80,0,-29503
1550420302,26.90,17.80,0,-29510
1550420362,27.00,18.10,0,-29511
1550420422,27.00,18.00,0,-29500
1550420482,27.00,18.10,0,-29496
1550420542,27.10,18.10,0,-29501
1550420603,27.10,18.00,0,-29505
1550420663,27.20,18.00,0,-29507
1550420723,27.20,18.00,0,-29497
1550420783,27.30,17.80,0,-29500
1550420843,27.20,17.90,0,-29500
1550420903,27.30,17.70,0,-29500
1550420963,27.40,17.60,0,-29484
1550421023,27.40,17.60,0,-29510
1550421083,27.40,17.50,0,-29495
1550421144,27.40,17.50,0,-29497
1550421204,27.40,17.50,0,-29498
1550421264,27.40,17.40,0,-29496
1550421324,27.50,17.30,0,-29492
1550421384,27.60,17.30,0,-29494
1550421444,27.60,17.30,0,-29492
1550421504,27.60,17.20,0,-29497
1550421564,27.70,17.20,0,-29499
1550421624,27.80,17.10,0,-29499
1550421684,27.70,17.20,0,-29497
1550421745,27.70,17.20,0,-29497
1550421805,27.70,17.30,0,-29497
1550421865,27.80,17.00,0,-29493
1550421925,27.80,17.00,0,-29500
1550421985,27.80,17.00,0,-29498
1550422045,27.80,16.90,0,-29495
1550422105,27.80,17.00,0,-29490
1550422165,27.90,17.00,0,-29497
1550422225,27.80,17.00,0,-29490
1550422286,27.90,17.00,0,-29492
1550422346,28.00,17.40,0,-29495
1550422406,28.00,17.40,0,-29488
1550422466,28.00,17.50,0,-29482
1550422526,28.00,17.40,0,-29481
1550422586,28.00,17.50,0,-29488
1550422646,28.10,17.50,0,-29478
1550422706,28.10,17.50,0,-29480
1550422766,28.10,17.50,0,-29474
1550422827,28.20,17.40,0,-29478
1550422887,28.10,17.40,0,-29475
1550422947,28.10,17.30,0,-29481
1550423007,28.10,17.20,0,-29480
1550423067,28.10,17.30,0,-29482
1550423127,28.00,17.30,0,-29473
1550423187,27.90,17.00,0,-29473
1550423247,27.90,17.00,0,-29471
1550423307,28.00,17.30,0,-29466
1550423368,27.90,17.00,0,-29472
1550423428,27.90,17.00,0,-29457
1550423488,27.80,17.10,0,-29461
1550423548,27.80,17.10,0,-29473
1550423608,27.80,17.10,0,-29466
1550423668,27.70,17.20,0,-29460
1550423728,27.80,17.20,0,-29462
1550423788,27.70,17.40,0,-29460
1550423848,27.70,17.40,0,-29460
1550423908,27.80,17.20,0,-29455
1550423969,27.80,17.10,0,-29465
1550424029,27.80,17.10,0,-29458
1550424089,27.80,17.00,0,-29458
1550424149,27.90,16.90,0,-29457
1550424209,27.90,16.90,0,-29461
1550424269,27.90,16.90,0,-29459
1550424329,28.00,17.20,0,-29452
1550424389,28.00,17.20,0,-29457
1550424449,28.00,17.10,0,-29453
1550424510,28.00,17.30,0,-29456
1550424570,27.90,16.90,0,-29444
1550424630,27.90,16.90,0,-29443
1550424690,28.00,17.40,0,-29442
1550424750,27.90,17.20,0,-29446
1550424810,27.90,17.30,0,-29440
1550424870,27.90,17.20,0,-29441
1550424930,27.90,17.10,0,-29442
1550424990,27.90,17.00,0,-29437
1550425051,27.80,17.00,0,-29438
1550425111,27.80,16.90,0,-29437
1550425171,27.80,16.90,0,-29441
1550425231,27.70,16.90,0,-29431
1550425291,27.70,16.90,0,-29438
1550425351,27.70,17.00,0,-29435
1550425411,27.70,17.00,0,-29425
1550425471,27.70,17.00,0,-29431
1550425531,27.70,16.90,0,-29423
1550425591,27.60,17.00,0,-29421
1550425652,27.60,16.90,0,-29425
1550425712,27.50,16.90,0,-29419
1550425772,27.50,16.90,0,-29421
1550425832,27.50,16.90,0,-29423
1550425892,27.50,17.00,0,-29415
1550425952,27.40,17.00,0,-29418
1550426012,27.40,17.10,0,-29414
1550426072,27.40,17.20,0,-29415
1550426132,27.30,17.30,0,-29412
1550426193,27.20,17.30,0,-29411
1550426253,27.20,17.40,0,-29406
1550426313,27.10,17.50,0,-29404
1550426373,27.00,17.60,0,-29402
1550426433,27.00,17.50,0,-29404
1550426493,27.00,17.40,0,-29400
1550426553,27.00,17.40,0,-29396
1550426613,26.90,16.90,0,-29393
1550426673,26.90,17.00,0,-29389
1550426734,26.90,16.90,0,-29387
1550426794,26.80,17.00,0,-29387
1550426854,26.90,17.00,0,-29385
1550426914,26.80,17.10,0,-29385
1550426974,26.80,17.00,0,-29379
1550427034,26.80,17.00,0,-29372
1550427094,26.70,17.20,0,-29372
1550427154,26.50,17.30,0,-29375
1550427214,26.40,17.50,0,-29374
1550427275,26.40,17.50,0,-29369
1550427335,26.40,17.40,0,-29360
1550427395,26.40,17.40,0,-29361
1550427455,26.30,17.50,0,-29361
1550427515,26.30,17.40,0,-29362
1550427575,26.40,17.30,0,-29355
1550427635,26.40,17.30,0,-29353
1550427695,26.30,17.30,0,-29348
1550427755,26.30,17.30,0,-29355
1550427815,26.20,17.30,0,-29352
1550427876,26.20,17.30,0,-29348
1550427936,26.20,17.40,0,-29351
1550427996,26.00,17.40,0,-29344
1550428056,26.00,17.40,0,-29348
1550428116,26.10,17.30,0,-29340
1550428176,26.10,17.30,0,-29349
1550428236,26.10,17.30,0,-29343
1550428296,26.00,17.20,0,-29341
1550428356,26.00,17.20,0,-29343
1550428417,26.10,17.30,0,-29340
1550428477,26.00,17.30,0,-29339
1550428537,26.00,17.20,0,-29340
1550428597,26.00,17.30,0,-29338
1550428657,25.90,17.00,0,-29318
1550428717,25.90,16.90,0,-29332
1550428777,25.90,17.00,0,-29333
1550428837,25.90,17.10,0,-29319
1550428897,25.80,17.30,0,-29333
1550428958,25.80,17.30,0,-29332
1550429018,25.80,17.20,0,-29330
1550429078,25.80,17.20,0,-29320
1550429138,25.80,17.20,0,-29321
1550429198,25.80,17.00,0,-29314
1550429258,25.90,16.90,0,-29310
1550429318,25.90,16.90,0,-29314
1550429378,25.90,17.00,0,-29310
1550429438,25.90,17.10,0,-29305
1550429499,25.90,17.30,0,-29301
1550429559,25.90,17.30,0,-29299
1550429619,25.90,17.30,0,-29299
1550429679,25.70,17.50,0,-29299
1550429739,25.50,17.60,0,-29295
1550429799,25.40,17.70,0,-29295
1550429859,25.40,17.80,0,-29283
1550429919,25.40,17.80,0,-29283
1550429979,25.40,17.70,0,-29290
1550430039,25.40,17.70,0,-29280
1550430100,25.40,17.80,0,-29286
1550430160,25.40,17.90,0,-29275
1550430220,25.40,17.80,0,-29274
1550430280,25.50,17.70,0,-29274
1550430340,25.50,17.60,0,-29276
1550430400,25.60,17.60,0,-29271
1550430460,25.60,17.50,0,-29273
1550430520,25.60,17.50,0,-29266
1550430580,25.70,17.40,0,-29273
1550430641,25.80,17.40,0,-29270
1550430701,25.90,17.30,0,-29268
1550430761,26.00,17.50,0,-29267
1550430821,26.00,17.50,0,-29262
1550430881,26.10,17.40,0,-29262
1550430941,26.10,17.30,0,-29264
1550431001,26.20,17.20,0,-29267
1550431061,26.30,17.20,0,-29258
1550431121,26.40,17.10,0,-29258
1550431182,26.40,17.20,0,-29254
1550431242,26.50,17.00,0,-29252
1550431302,26.60,16.90,0,-29257
1550431362,26.70,16.90,0,-29256
1550431422,26.80,16.80,0,-29256
1550431482,26.80,16.70,0,-29254
1550431542,26.90,16.70,0,-29251
1550431602,27.00,17.10,0,-29243
1550431662,27.00,17.20,0,-29240
1550431723,27.10,17.10,0,-29252
1550431783,27.10,16.90,0,-29242
1550431843,27.20,16.90,0,-29236
1550431903,27.30,16.80,0,-29237
1550431963,27.30,16.80,0,-29218
1550432023,27.40,16.70,0,-29229
1550432083,27.40,16.70,0,-29233
1550432143,27.60,16.60,0,-29227
1550432203,27.50,16.70,0,-29227
1550432263,27.60,16.70,0,-29226
1550432324,27.60,16.70,0,-29228
1550432384,27.70,16.60,0,-29226
1550432444,27.70,16.50,0,-29225
1550432504,27.70,16.40,0,-29221
1550432564,27.80,16.40,0,-29224
1550432624,27.80,16.40,0,-29224
1550432684,27.80,16.30,0,-29220
1550432744,27.80,16.40,0,-29220
1550432804,27.80,16.40,0,-29223
1550432865,27.80,16.40,0,-29217
1550432925,27.80,16.30,0,-29210
1550432985,27.80,16.40,0,-29217
1550433045,27.80,16.30,0,-29215
1550433105,27.80,16.40,0,-29211
1550433165,27.80,16.40,0,-29212
1550433225,27.80,16.30,0,-29208
1550433285,27.90,16.30,0,-29204
1550433345,28.00,16.50,0,-29207
1550433406,28.10,16.70,0,-29198
1550433466,28.10,16.70,0,-29196
1550433526,28.10,16.70,0,-29195
1550433586,28.10,16.60,0,-29183
1550433646,28.20,16.70,0,-29183
1550433706,28.20,16.70,0,-29178
1550433766,28.10,16.60,0,-29173
1550433826,28.20,16.60,0,-29185
1550433886,28.20,16.50,0,-29177
1550433946,28.30,16.40,0,-29172
1550434007,28.40,16.30,0,-29170
1550434067,28.40,16.30,0,-29177
1550434127,28.30,16.30,0,-29175
1550434187,28.30,16.30,0,-29166
1550434247,28.30,16.30,0,-29165
1550434307,28.20,16.40,0,-29167
1550434367,28.20,16.30,0,-29160
1550434427,28.20,16.30,0,-29157
1550434487,28.20,16.20,0,-29158
1550434548,28.20,16.30,0,-29155
1550434608,28.20,16.20,0,-29148
1550434668,28.20,16.20,0,-29141
1550434728,28.20,16.20,0,-29147
1550434788,28.20,16.30,0,-29150
1550434848,28.10,16.40,0,-29145
1550434908,28.10,16.40,0,-29141
1550434968,28.10,16.40,0,-29140
1550435028,28.10,16.40,0,-29141
1550435089,28.10,16.30,0,-29139
1550435149,28.10,16.50,0,-29134
1550435209,28.00,16.40,0,-29121
1550435269,27.90,16.20,0,-29122
1550435329,27.90,16.10,0,-29123
1550435389,27.90,16.00,1,-29115
1550435449,28.00,16.30,1,-29117
1550435509,28.00,16.40,1,-29111
1550435569,27.90,16.20,1,-29107
1550435630,28.00,16.30,1,-29106
1550435690,28.00,16.50,2,-29102
1550435750,28.00,16.40,2,-29104
1550435810,28.00,16.40,2,-29090
1550435870,27.90,16.30,2,-29094
1550435930,27.90,16.10,3,-29093
1550435990,27.80,16.30,3,-29087
1550436050,27.90,16.20,4,-29084
1550436110,27.90,16.30,5,-29073
1550436170,27.90,16.20,5,-29072
1550436231,27.90,16.20,6,-29070
1550436291,27.80,16.50,7,-29074
1550436351,27.70,16.60,9,-29059
1550436411,27.70,16.60,10,-29053
1550436471,27.70,16.50,10,-29053
1550436531,27.60,16.40,10,-29054
1550436591,27.70,16.30,11,-29054
1550436651,27.70,16.60,14,-29061
1550436711,27.80,16.50,16,-29051
1550436772,27.80,16.70,19,-29053
1550436832,27.80,16.40,21,-29045
1550436892,27.80,16.30,22,-29039
1550436952,27.80,16.20,23,-29034
1550437012,27.80,16.10,25,-29027
1550437072,27.80,16.00,24,-29034
1550437132,27.80,16.10,22,-29023
1550437192,27.80,16.10,22,-29025
1550437252,27.70,16.20,22,-29014
1550437313,27.70,16.10,23,-29011
1550437373,27.70,16.00,24,-29011
1550437433,27.70,16.20,22,-28999
1550437493,27.60,16.10,20,-29001
1550437553,27.50,16.10,20,-28999
1550437613,27.50,16.20,22,-28992
1550437673,27.30,16.30,25,-28988
1550437733,27.30,16.30,27,-28988
1550437793,27.30,16.30,28,-28975
1550437854,27.30,16.40,34,-28974
1550437914,27.30,16.40,33,-28977
1550437974,27.30,16.40,33,-28966
1550438034,27.30,16.40,27,-28964
1550438094,27.20,16.40,27,-28974
1550438154,27.20,16.40,25,-28969
1550438214,27.20,16.40,21,-28962
1550438274,27.20,16.40,21,-28954
1550438334,27.20,16.50,22,-28959
1550438394,27.10,16.60,22,-28946
1550438455,27.00,17.00,21,-28952
1550438515,26.80,17.50,21,-28946
1550438575,26.90,17.10,21,-28946
1550438635,26.90,16.70,24,-28937
1550438695,26.80,16.70,28,-28942
1550438755,26.80,16.50,37,-28932
1550438815,26.80,16.60,42,-28924
1550438875,26.70,16.60,45,-28927
1550438935,26.70,16.50,54,-28921
1550438996,26.60,16.50,56,-28923
1550439056,26.60,16.50,60,-28917
1550439116,26.60,16.50,54,-28918
1550439176,26.60,16.50,48,-28908
1550439236,26.50,16.50,44,-28901
1550439296,26.50,16.50,47,-28898
1550439356,26.50,16.50,53,-28899
1550439416,26.40,16.60,63,-28889
1550439476,26.40,16.60,68,-28891
1550439537,26.40,16.60,77,-28888
1550439597,26.40,16.60,76,-28891
1550439657,26.40,16.60,70,-28885
1550439717,26.40,16.50,62,-28883
1550439777,26.50,16.50,57,-28889
1550439837,26.40,16.50,60,-28886
1550439897,26.30,16.60,61,-28878
1550439957,26.30,16.50,69,-28875
1550440017,26.30,16.60,72,-28876
1550440077,26.20,16.50,70,-28881
1550440138,26.20,16.60,70,-28872
1550440198,26.20,16.60,78,-28870
1550440258,26.10,16.60,86,-28871
1550440318,26.10,16.80,90,-28875
1550440378,26.10,17.00,88,-28866
1550440438,26.10,16.90,87,-28862
1550440498,26.10,16.90,86,-28857
1550440558,26.10,16.80,85,-28853
1550440618,26.20,16.70,86,-28849
1550440679,26.10,16.80,88,-28843
1550440739,26.10,16.80,94,-28838
1550440799,26.20,16.70,98,-28843
1550440859,26.10,17.00,102,-28837
1550440919,26.00,17.00,113,-28841
1550440979,25.90,16.80,116,-28838
1550441039,25.90,16.80,116,-28836
1550441099,25.90,16.70,116,-28832
1550441159,25.80,16.90,123,-28830
1550441220,25.70,17.00,115,-28829
1550441280,25.60,17.00,108,-28823
1550441340,25.50,17.20,114,-28823
1550441400,25.50,17.10,114,-28826
1550441460,25.40,17.20,106,-28824
1550441520,25.40,17.20,112,-28823
1550441580,25.40,17.50,124,-28822
1550441640,25.50,17.40,120,-28815
1550441700,25.60,17.30,112,-28811
1550441761,25.60,17.20,117,-28803
1550441821,25.70,17.30,121,-28797
1550441881,25.80,17.40,134,-28808
1550441941,25.80,17.30,137,-28807
1550442001,25.90,17.10,138,-28798
1550442061,26.00,17.30,146,-28797
1550442121,26.10,17.30,152,-28798
1550442181,26.20,17.30,155,-28792
1550442241,26.30,17.00,161,-28791
1550442302,26.40,17.00,163,-28791
1550442362,26.40,16.90,160,-28788
1550442422,26.40,16.80,164,-28781
1550442482,26.50,16.60,166,-28800
1550442542,26.50,16.50,165,-28791
1550442602,26.60,16.40,174,-28791
1550442662,26.60,16.30,174,-28784
1550442722,26.70,16.30,171,-28782
1550442782,26.80,16.20,160,-28783
1550442842,26.90,16.10,146,-28773
1550442903,27.00,16.40,128,-28773
1550442963,27.10,16.30,138,-28773
1550443023,27.10,16.30,136,-28774
1550443083,27.10,16.10,114,-28771
1550443143,27.20,16.10,102,-28767
1550443203,27.30,16.10,84,-28767
1550443263,27.40,16.00,71,-28757
1550443323,27.40,16.00,66,-28748
1550443383,27.40,16.00,73,-28748
1550443444,27.50,15.90,66,-28740
1550443504,27.60,15.90,62,-28731
1550443564,27.70,15.80,72,-28740
1550443624,27.70,15.70,84,-28743
1550443684,27.70,15.80,89,-28740
1550443744,27.70,15.80,95,-28736
1550443804,27.70,15.80,126,-28734
1550443864,27.70,15.80,148,-28737
1550443924,27.70,15.70,145,-28733
1550443985,27.70,15.70,152,-28733
1550444045,27.80,15.70,172,-28731
1550444105,27.80,15.60,187,-28741
1550444165,27.80,15.60,185,-28731
1550444225,27.80,15.60,181,-28730
1550444285,27.80,15.60,185,-28725
1550444345,27.80,15.50,213,-28718
1550444405,27.90,15.50,250,-28725
1550444465,27.90,15.50,254,-28726
1550444526,27.90,15.50,238,-28721
1550444586,27.90,15.40,239,-28723
1550444646,27.90,15.40,240,-28722
1550444706,28.00,15.70,265,-28717
1550444766,28.10,15.60,365,-28707
1550444826,28.00,16.10,406,-28708
1550444886,27.90,15.80,408,-28704
1550444946,28.00,16.00,367,-28708
1550445006,28.00,16.00,350,-28704
1550445066,28.10,15.90,348,-28698
1550445127,28.10,15.80,339,-28701
1550445187,28.00,15.80,327,-28696
1550445247,28.10,15.70,315,-28696
1550445307,28.20,15.60,307,-28692
1550445367,28.30,15.70,297,-28688
1550445427,28.40,15.70,300,-28685
1550445487,28.40,15.60,335,-28686
1550445547,28.50,15.80,359,-28674
1550445607,28.50,15.90,410,-28686
1550445668,28.60,15.80,443,-28674
1550445728,28.60,15.80,399,-28669
1550445788,28.60,15.80,362,-28668
1550445848,28.70,15.90,352,-28670
1550445908,28.70,15.80,366,-28663
1550445968,28.70,15.80,388,-28663
1550446028,28.70,15.80,408,-28663
1550446088,28.70,15.80,391,-28660
1550446148,28.70,15.90,381,-28659
1550446209,28.60,16.00,395,-28657
1550446269,28.50,16.00,375,-28657
1550446329,28.50,16.00,363,-28648
1550446389,28.50,16.00,358,-28656
1550446449,28.40,16.00,333,-28644
1550446509,28.30,16.00,332,-28640
1550446569,28.30,16.00,357,-28641
1550446629,28.20,16.10,377,-28638
1550446689,28.10,16.10,380,-28641
1550446750,28.10,16.10,389,-28638
1550446810,28.10,16.10,389,-28632
1550446870,28.00,16.10,412,-28635
1550446930,27.90,15.90,440,-28625
1550446990,27.90,15.90,428,-28627
1550447050,27.90,15.80,379,-28624
1550447110,27.90,15.90,361,-28618
1550447170,27.90,15.90,357,-28616
1550447230,27.80,16.10,346,-28609
1550447291,27.90,16.10,331,-28611
1550447351,27.90,15.90,312,-28614
1550447411,27.90,15.90,290,-28610
1550447471,27.90,15.80,262,-28609
1550447531,27.90,15.70,252,-28614
1550447591,27.90,15.80,259,-28611
1550447651,27.80,15.90,313,-28605
1550447711,27.80,15.70,372,-28608
1550447771,27.80,15.70,398,-28605
1550447832,27.80,15.70,408,-28599
1550447892,27.80,15.60,400,-28599
1550447952,27.80,15.60,412,-28604
1550448012,27.80,15.60,413,-28599
1550448072,27.80,15.50,410,-28591
1550448132,27.80,15.50,409,-28597
1550448192,27.80,15.50,407,-28592
1550448252,27.80,15.60,419,-28593
1550448312,27.80,15.50,424,-28590
1550448373,27.80,15.50,430,-28586
1550448433,27.80,15.60,387,-28581
1550448493,27.80,15.60,303,-28583
1550448553,27.80,15.60,425,-28580
1550448613,27.80,15.50,335,-28580
1550448673,27.70,15.60,426,-28568
1550448733,27.70,15.50,401,-28577
1550448793,27.70,15.50,410,-28569
1550448853,27.60,15.70,433,-28557
1550448914,27.50,15.70,470,-28557
1550448974,27.50,15.60,456,-28566
1550449034,27.50,15.70,445,-28549
1550449094,27.50,15.70,324,-28560
1550449154,27.40,15.70,266,-28554
1550449214,27.40,15.70,254,-28553
1550449274,27.40,15.70,406,-28544
1550449334,27.40,15.70,312,-28552
1550449394,27.40,15.70,304,-28552
1550449455,27.30,15.70,408,-28553
1550449515,27.30,15.80,391,-28549
1550449575,27.30,15.80,400,-28551
1550449635,27.20,15.70,406,-28546
1550449695,27.20,15.80,415,-28545
1550449755,27.20,15.70,257,-28536
1550449815,27.20,15.70,397,-28534
1550449875,27.20,15.70,393,-28537
1550449935,27.20,15.70,409,-28536
1550449996,27.20,15.70,451,-28535
1550450056,27.10,15.70,337,-28525
1550450116,27.10,15.70,404,-28531
1550450176,27.10,15.80,389,-28528
1550450236,27.10,15.80,220,-28524
1550450296,27.00,15.80,395,-28514
1550450356,27.00,15.80,410,-28524
1550450416,27.00,15.70,349,-28518
1550450476,27.00,15.80,415,-28509
1550450536,26.90,15.50,265,-28502
1550450597,26.90,15.50,230,-28503
1550450657,26.80,15.70,375,-28498
1550450717,26.70,15.70,404,-28500
1550450777,26.70,15.60,412,-28490
1550450837,26.70,15.70,247,-28494
1550450897,26.70,15.70,329,-28492
1550450957,26.70,15.70,383,-28481
1550451017,26.70,15.70,391,-28481
1550451077,26.60,15.70,362,-28493
1550451138,26.60,15.80,409,-28474
1550451198,26.60,15.80,444,-28482
1550451258,26.50,15.90,457,-28475
1550451318,26.50,15.90,310,-28477
1550451378,26.50,16.00,461,-28469
1550451438,26.50,15.90,424,-28472
1550451498,26.50,16.00,355,-28475
1550451558,26.50,15.90,397,-28468
1550451618,26.50,15.80,420,-28462
1550451679,26.40,15.90,376,-28469
1550451739,26.40,15.80,476,-28466
1550451799,26.40,15.90,294,-28456
1550451859,26.30,15.90,361,-28460
1550451919,26.30,15.90,422,-28460
1550451979,26.20,16.00,461,-28459
1550452039,26.20,16.00,279,-28459
1550452099,26.20,16.00,485,-28454
1550452159,26.20,16.00,469,-28459
1550452220,26.20,16.00,362,-28454
1550452280,26.20,16.00,363,-28456
1550452340,26.20,16.10,357,-28454
1550452400,26.20,16.10,300,-28448
1550452460,26.20,16.10,302,-28446
1550452520,26.20,16.10,342,-28444
1550452580,26.20,16.10,502,-28445
1550452640,26.10,16.20,375,-28446
1550452700,26.10,16.30,319,-28451
1550452761,26.10,16.30,264,-28443
1550452821,26.10,16.30,185,-28448
1550452881,26.00,16.30,472,-28452
1550452941,26.00,16.40,439,-28451
1550453001,26.00,16.40,355,-28450
1550453061,26.00,16.40,438,-28457
1550453121,26.00,16.40,502,-28446
1550453181,25.90,16.20,326,-28453
1550453241,25.90,16.20,373,-28443
1550453301,25.90,16.20,375,-28450
1550453362,25.90,16.30,421,-28448
1550453422,25.90,16.30,455,-28438
1550453482,25.90,16.30,267,-28450
1550453542,25.90,16.30,434,-28439
1550453602,25.90,16.30,301,-28441
1550453662,25.80,16.30,441,-28442
1550453722,25.80,16.40,465,-28436
1550453782,25.80,16.40,462,-28437
1550453842,25.80,16.30,348,-28435
1550453903,25.70,16.30,443,-28442
1550453963,25.70,16.30,357,-28435
1550454023,25.80,16.30,296,-28431
1550454083,25.70,16.30,322,-28432
1550454143,25.60,16.30,440,-28430
1550454203,25.60,16.50,292,-28438
1550454263,25.60,16.50,436,-28445
1550454323,25.60,16.60,340,-28439
1550454383,25.60,16.60,459,-28434
1550454444,25.60,16.50,398,-28432
1550454504,25.70,16.50,530,-28425
1550454564,25.70,16.40,475,-28427
1550454624,25.80,16.40,400,-28418
1550454684,25.80,16.30,335,-28422
1550454744,25.90,16.70,327,-28429
1550454804,25.80,16.40,428,-28427
1550454864,25.90,16.40,451,-28436
1550454924,25.90,16.40,356,-28431
1550454985,26.00,16.80,408,-28435
1550455045,26.00,16.80,324,-28430
1550455105,26.00,16.80,340,-28424
1550455165,25.80,16.80,381,-28429
1550455225,25.60,16.90,488,-28430
1550455285,25.50,17.00,418,-28427
1550455345,25.50,17.00,386,-28422
1550455405,25.40,17.00,384,-28420
1550455465,25.40,17.10,368,-28425
1550455525,25.50,16.90,324,-28420
1550455586,25.50,16.80,329,-28416
1550455646,25.40,16.70,345,-28414
1550455706,25.30,16.90,445,-28418
1550455766,25.40,17.00,449,-28415
1550455826,25.40,16.90,458,-28415
1550455886,25.50,16.80,336,-28412
1550455946,25.70,16.70,392,-28399
1550456006,25.80,16.50,389,-28411
1550456066,25.90,16.30,440,-28410
1550456127,26.00,16.70,360,-28407
1550456187,26.10,16.60,498,-28409
1550456247,26.20,16.70,403,-28410
1550456307,26.30,16.60,378,-28408
1550456367,26.30,16.50,385,-28401
1550456427,26.40,16.40,362,-28403
1550456487,26.40,16.20,320,-28401
1550456547,26.50,16.20,305,-28400
1550456607,26.50,16.10,357,-28388
1550456668,26.60,16.10,489,-28396
1550456728,26.70,15.90,477,-28396
1550456788,26.90,15.80,462,-28394
1550456848,27.00,16.10,363,-28391
1550456908,27.10,16.00,297,-28396
1550456968,27.10,16.00,317,-28388
1550457028,27.30,15.80,385,-28387
1550457088,27.20,15.70,398,-28377
1550457148,27.20,15.80,444,-28382
1550457209,27.30,15.80,452,-28385
1550457269,27.30,15.80,441,-28380
1550457329,27.30,15.80,428,-28382
1550457389,27.30,15.80,396,-28392
1550457449,27.30,15.80,478,-28381
1550457509,27.40,15.80,413,-28380
1550457569,27.40,15.90,457,-28378
1550457629,27.50,15.80,305,-28381
1550457689,27.50,15.80,263,-28372
1550457750,27.60,15.80,281,-28369
1550457810,27.70,15.70,273,-28363
1550457870,27.60,15.70,246,-28377
1550457930,27.60,15.60,236,-28375
1550457990,27.70,15.50,265,-28372
1550458050,27.80,15.40,322,-28370
1550458110,27.70,15.40,326,-28367
1550458170,27.70,15.40,326,-28366
1550458230,27.80,15.30,286,-28366
1550458290,27.80,15.30,310,-28367
1550458351,27.80,15.30,322,-28365
1550458411,27.80,15.30,290,-28366
1550458471,27.80,15.20,256,-28350
1550458531,27.80,15.20,255,-28368
1550458591,27.90,15.10,237,-28370
1550458651,27.90,15.10,246,-28362
1550458711,27.90,15.00,257,-28362
1550458771,27.90,15.10,255,-28356
1550458831,27.90,15.30,418,-28357
1550458892,27.80,15.60,416,-28351
1550458952,27.80,15.70,300,-28350
1550459012,27.70,15.80,329,-28348
1550459072,27.70,15.80,329,-28350
1550459132,27.80,15.70,317,-28341
1550459192,27.80,15.60,299,-28352
1550459252,27.70,15.70,271,-28348
1550459312,27.70,15.80,252,-28336
1550459372,27.70,15.90,304,-28339
1550459433,27.80,15.80,334,-28331
1550459493,27.80,15.80,344,-28336
1550459553,27.80,15.90,361,-28335
1550459613,27.80,16.00,344,-28328
1550459673,27.80,16.00,326,-28335
1550459733,27.80,16.00,298,-28327
1550459793,27.90,15.90,286,-28335
1550459853,27.80,15.90,264,-28333
1550459913,27.80,16.00,222,-28333
1550459974,27.80,16.10,232,-28326
1550460034,27.80,16.00,234,-28326
1550460094,27.70,16.00,237,-28331
1550460154,27.50,16.20,220,-28317
1550460214,27.40,16.30,224,-28314
1550460274,27.30,16.50,238,-28318
1550460334,27.30,16.50,252,-28315
1550460394,27.30,16.40,258,-28314
1550460454,27.30,16.40,250,-28313
1550460514,27.30,16.40,235,-28317
1550460575,27.20,16.40,217,-28315
1550460635,27.20,16.50,198,-28308
1550460695,27.20,16.40,190,-28314
1550460755,27.30,16.30,178,-28309
1550460815,27.30,16.20,166,-28306
1550460875,27.40,16.30,230,-28304
1550460935,27.40,16.30,153,-28305
1550460995,27.40,16.40,152,-28295
1550461055,27.40,16.40,318,-28301
1550461116,27.40,16.30,343,-28290
1550461176,27.50,16.20,358,-28289
1550461236,27.40,16.30,354,-28304
1550461296,27.40,16.30,345,-28299
1550461356,27.50,16.20,334,-28301
1550461416,27.50,16.00,183,-28302
1550461476,27.50,15.90,318,-28288
1550461536,27.50,15.90,330,-28297
1550461596,27.50,16.00,200,-28288
1550461657,27.50,15.90,261,-28290
1550461717,27.40,15.90,328,-28295
1550461777,27.50,16.00,329,-28286
1550461837,27.50,15.90,321,-28286
1550461897,27.50,15.80,310,-28287
1550461957,27.50,15.80,301,-28288
1550462017,27.40,15.80,295,-28283
1550462077,27.40,15.80,296,-28290
1550462137,27.40,15.80,299,-28284
1550462198,27.40,15.70,299,-28268
1550462258,27.30,15.90,298,-28272
1550462318,27.30,15.80,303,-28271
1550462378,27.30,15.80,306,-28270
1550462438,27.20,15.80,302,-28275
1550462498,27.30,15.70,295,-28285
1550462558,27.20,15.70,291,-28281
1550462618,27.30,15.60,288,-28282
1550462678,27.20,15.60,284,-28272
1550462739,27.20,15.60,283,-28275
1550462799,27.10,15.70,281,-28269
1550462859,27.00,15.90,279,-28276
1550462919,27.00,16.00,278,-28271
1550462979,26.90,15.60,277,-28274
1550463039,26.80,15.60,276,-28270
1550463099,26.70,15.80,275,-28264
1550463159,26.60,15.80,275,-28264
1550463219,26.60,15.80,275,-28263
1550463280,26.60,15.80,275,-28266
1550463340,26.70,15.60,275,-28261
1550463400,26.70,15.60,277,-28257
1550463460,26.70,15.60,279,-28258
1550463520,26.70,15.60,280,-28257
1550463580,26.70,15.60,281,-28250
1550463640,26.70,15.60,282,-28248
1550463700,26.70,15.80,282,-28246
1550463760,26.70,15.90,282,-28243
1550463820,26.60,16.00,279,-28242
1550463881,26.60,16.10,279,-28250
1550463941,26.60,16.10,180,-28242
1550464001,26.60,16.10,176,-28245
1550464061,26.60,16.10,273,-28240
1550464121,26.60,16.00,269,-28246
1550464181,26.60,16.00,264,-28245
1550464241,26.60,16.10,264,-28242
1550464301,26.50,16.00,268,-28242
1550464361,26.50,16.00,273,-28243
1550464422,26.60,15.90,281,-28246
1550464482,26.50,15.80,290,-28241
1550464542,26.50,15.90,302,-28231
1550464602,26.50,15.90,312,-28233
1550464662,26.50,16.10,323,-28232
1550464722,26.40,16.20,287,-28232
1550464782,26.40,16.10,343,-28236
1550464842,26.40,16.10,337,-28227
1550464902,26.40,16.10,328,-28224
1550464963,26.40,16.00,285,-28221
1550465023,26.50,15.90,327,-28223
1550465083,26.40,15.90,320,-28225
1550465143,26.40,15.90,143,-28227
1550465203,26.40,15.80,268,-28220
1550465263,26.30,15.80,137,-28220
1550465323,26.30,15.90,124,-28229
1550465383,26.30,16.00,148,-28220
1550465443,26.20,16.10,140,-28219
1550465504,26.30,16.10,129,-28222
1550465564,26.20,16.20,122,-28215
1550465624,26.20,16.30,162,-28216
1550465684,26.10,16.20,192,-28211
1550465744,26.10,16.10,204,-28204
1550465804,26.10,16.10,201,-28199
1550465864,26.00,16.20,201,-28204
1550465924,26.10,16.10,146,-28204
1550465984,26.00,16.20,138,-28208
1550466044,25.90,15.90,122,-28203
1550466105,25.90,15.90,120,-28208
1550466165,25.90,15.80,119,-28200
1550466225,25.90,15.70,118,-28202
1550466285,25.90,15.70,118,-28202
1550466345,25.90,15.70,124,-28196
1550466405,25.90,15.80,123,-28188
1550466465,25.80,15.90,121,-28190
1550466525,25.80,15.90,118,-28192
1550466585,25.80,15.80,117,-28192
1550466646,25.80,15.80,116,-28190
1550466706,25.80,15.80,122,-28189
1550466766,25.70,16.00,176,-28199
1550466826,25.60,16.00,155,-28190
1550466886,25.60,16.00,189,-28186
1550466946,25.60,16.10,186,-28175
1550467006,25.60,16.10,167,-28189
1550467066,25.70,16.00,174,-28178
1550467126,25.70,16.00,181,-28177
1550467187,25.60,16.00,180,-28186
1550467247,25.60,16.00,187,-28179
1550467307,25.70,15.90,194,-28183
1550467367,25.70,15.80,186,-28171
1550467427,25.80,15.80,157,-28165
1550467487,25.80,15.70,165,-28175
1550467547,25.90,15.70,173,-28179
1550467607,26.00,16.00,186,-28173
1550467667,26.00,15.80,179,-28171
1550467728,26.10,15.80,171,-28178
1550467788,26.20,15.70,166,-28172
1550467848,26.20,15.70,141,-28178
1550467908,26.20,15.70,156,-28183
1550467968,26.30,15.60,170,-28177
1550468028,26.30,15.60,167,-28171
1550468088,26.40,15.60,167,-28170
1550468148,26.40,15.60,173,-28169
1550468208,26.40,15.60,173,-28170
1550468269,26.50,15.50,165,-28164
1550468329,26.50,15.50,167,-28166
1550468389,26.60,15.40,158,-28164
1550468449,26.70,15.40,155,-28166
1550468509,26.70,15.30,134,-28160
1550468569,26.80,15.30,141,-28165
1550468629,26.80,15.30,131,-28165
1550468689,26.90,15.20,127,-28163
1550468749,27.00,15.50,137,-28164
1550468809,27.00,15.40,128,-28167
1550468870,27.10,15.40,138,-28169
1550468930,27.20,15.30,147,-28149
1550468990,27.30,15.20,143,-28171
1550469050,27.20,15.20,140,-28172
1550469110,27.30,15.20,138,-28164
1550469170,27.40,15.10,136,-28167
1550469230,27.40,15.00,136,-28166
1550469290,27.50,15.00,135,-28163
1550469350,27.50,14.90,140,-28166
1550469411,27.60,14.90,146,-28162
1550469471,27.70,14.80,149,-28168
1550469531,27.70,14.80,146,-28159
1550469591,27.70,14.70,139,-28163
1550385560,16.70,28.00,273,-28623
